2018-06-05 17:27:27,推荐,为你 千千万万遍,26,0,这是一个赎罪者写的故事。富商之子阿米尔和家里仆人的儿子哈桑是一起长大 亲密无间的朋友。然而跨越等级的友谊是注定没有结果的。哈桑为了阿米尔无怨无悔 阿米尔却在哈桑遭遇暴行时因为懦弱与虚荣选择了转身离去 甚至落井下石。 “为你千千万万遍”这是哈桑对阿米尔的告白 也是他们之间友情最刻骨铭心的见证 哈桑将阿米尔当做最好的朋友 也是唯一的朋友 他可以为他赢得一场比赛 可以为他在父亲面前撒谎 甚至可以在被阿米尔背叛后选择用离开的方式默默守护。数年后 阿米尔的活趋于平静 但内心的不安与更加残酷的事实迫使他选择了一条艰难却无法回头的赎罪之路。这个关于风筝的故事带给我们 是关于友情 身份与赎罪的永恒讨论。<\/p>\n      <\/div>\n\n      \n\n  \n\n  \n\n\n    <\/div>\n\n    ,Crush
2018-06-04 19:07:58,较差,这剧情太狗血,41,1,女二看到了男一偷吻女主，而且已经和男一已经分手还要去责怪女主，女二都吻了男二，充当了莫名其妙的“女神”，不过女二确实是一直都在把男二当备胎备着，居然继续对关心其弟弟的女主翻白眼， 男三真的就是一个三观不正的废物富二代，萧清的个性太完美，但是我看不下去了 ，罗晋的嘴唇为什么那么黑，觉得他真不适合演这个角色，还是克拉恋人时期的雷奕明演的多好，这剧情真的有些狗血。<\/p>\n      <\/div>\n\n      \n\n  \n\n  \n\n\n    <\/div>\n\n    ,发呆中的电冰箱
2018-06-04 23:23:54,较差,何书桓史诗级的渣男,43,0,真的觉得这部剧三观有问题，以为是描述了两种唯美的爱情，其实呢，何书桓就是个渣渣，特别戏精的渣渣，在面对依萍的时候他可以说出很唯美的话。转眼又可以对如萍诉情，明知道如萍对你有情，当你说你心里还是喜欢依萍的时候，你就是同时伤害了两个人，最后还指责依萍这不是那不是，这剧播在以前看到挺多，小时候也看过，不懂觉得很经典很好看，现在再看来……若是放在现在那真是毁三观，遭人骂。如果单讲家庭感情的话，剧情其实都还好，爱情观真是不忍直视，整部剧就觉得依萍和杜飞还是个有思想的正常人<\/p>\n      <\/div>\n\n      \n\n  \n\n  \n\n\n        ,离离原
2018-06-04 15:12:01,推荐,湫，若有来世，你还愿意遇见椿吗？,43,5,  我是个不喜欢看动漫的人，所以尽管当初大家都在讨论这部电影时，也没有想法去看。昨天室友二刷这部剧哭的稀里哗啦的，我实在好奇今天也来看了。不得不说，确实唯美，也很感人。可是有些东西不仅仅只是感人就可以了。<\/p>   看完后，我想，我会为椿想要回报他人的这种情感所撼动，可若此回报以你身边人经历灾难甚至死亡为交换，这个代价会不会太大？我不知道应该说椿是善良还是自私，她想要回报救她的人，却又让族人陷于苦难之中，但她最后却奉献自己拯救了族人。一切似乎都是连在一起的，却又感觉并不喜欢这种联系。也许善良与自私都来自内心深处对生命的敬畏吧。<\/p>   看完后，最心疼默默付出的那个大男孩――湫。这场关于“爱”的角逐，是他输了，可也是他，让她赢了。故事起源于爱，结束于爱，也算是有头有尾。<\/p>   他由奶奶带大，从小就天不怕地不怕，所以他更懂得爱的含义。当他了解的一切时，他只希望他心里那个把他当做好朋友、哥哥的小女孩可以幸福。或许因为缺少，他更加珍惜这份爱，无论是朋友，或是心上人，她，是他的劫数啊。他耗尽一切只为她。可若是如此，我愿他从未遇见她。我相信“爱会迟到，但不会不来”，也许有一天他遇见一个值得他深爱并且深爱他的女孩，他们一起为他的奶奶颐养天年。可这世界没有这么多也许，遇见了就是遇见了，爱上了就是爱上了，付出了也甘之如饴，一切只因为，她是椿而他是湫啊。其实，爱真的太难。<\/p>   这部剧，最喜欢最后一段旁白：这短短的一生，我们最终都会失去。你不妨大胆一些，爱一个人，攀一座山，追一个梦。愿我们用足够的勇气吧。<\/p>   若岁月难熬，也愿你有良人相伴；<\/p>   若冬日严寒，也愿有人送去温暖；<\/p>   若夏日太暖，也愿有人捎去清凉；<\/p>   若是这一次，只希望你幸福就好。<\/p>   若苦难来临，唯愿我们敬畏生命。<\/p>   湫，若真的有下一世，你还会愿意遇见他吗？<\/p>   此文仅用来表达个人感受，谢谢！（因为没看过动漫，所以确实不懂画风什么的，这段影评也写的不好，只是看完后的一些感受，见谅！）<\/p>   <\/p>\n      <\/div>\n\n      \n\n  \n\n  \n\n\n        ,时初°
2018-06-04 15:04:28,力荐,"音乐,使人心生美好!",35,0,"音乐是沟通的语言，超越年龄超越阶层超越国界。克莱蒙特打算用音乐去感染这帮学生，而这些学生们似乎也都天生具备了这样的能力，集合成团的力量让他们的合声显得如此的悠扬，没有坏学生，只有坏老师，这句话是对的。老师的责任不只是培养学生得到好的成绩，因材施教，让每个学生都得到自己好的发展也许才是为人之师最应该做的。 <\/p> 虽然影片的结局是美好的，但克莱蒙特感化这帮学生的过程并不容易，最激烈的冲突就发生在一个叫皮埃尔的身上，他处处反抗，抵制音乐，但对于伯乐克莱蒙特来说，这匹千里马是难得的。所以尽管异常辛苦，他仍然用自己的大爱去感化着这个青年，当影片中领导视察学校时，皮埃尔的天籁之音响起，克莱蒙特终于实现了自己想做到的事情。 <\/p>\n      <\/div>\n\n      \n\n  \n\n  \n\n\n    <\/div>\n\n     音乐是沟通的语言，超越年龄超越阶层超越国界。克莱蒙特打算用音乐去感染这帮学生，而这些学生们似乎也都天生具备了这样的能力，集合成团的力量让他们的合声显得如此的悠扬，没有坏学生，只有坏老师，这句话是对的。老师的责任不只是培养学生得到好的成绩，因材施教，让每个学生都得到自己好的发展也许才是为人之师最应该做的。 <\/p> 虽然影片的结局是美好的，但克莱蒙特感化这帮学生的过程并不容易，最激烈的冲突就发生在一个叫皮埃尔的身上，他处处反抗，抵制音乐，但对于伯乐克莱蒙特来说，这匹千里马是难得的。所以尽管异常辛苦，他仍然用自己的大爱去感化着这个青年，当影片中领导视察学校时，皮埃尔的天籁之音响起，克莱蒙特终于实现了自己想做到的事情。 <\/p>""}",谁啊是谁啊
2018-06-05 00:17:49,力荐,让子弹飞一会儿,26,0,\n          这篇影评可能有剧透\n        <\/p>\n\n    \n  \n    \n\n     让子弹飞一会儿，真是太喜欢这个句话了，张麻子，一个心怀天下的英雄，带领自己的兄弟拯救鹅城的百姓于水火之中，“不准跪，都tm的不准跪”他是真的站在百姓这边的啊，其实一次电影看完后在我脑海里不过走马观花，只是跟着剧情很激动，故事结束却让我无所适从，而故事也在结尾的照应开头得到了升华，这样一个从容开枪，代表群众利益的英雄在最后终究留下了自己一个人，兄弟们走了，喜欢的女子跟着兄弟们走了，而自己亲手拯救的百姓也亲手抢自己的椅子，但，他还是他，张麻子，张牧之。<\/p>\n      <\/div>\n\n      \n\n  \n\n  \n\n\n        ,穿的是皮囊
2018-06-04 22:30:57,还行,青春的秘密,31,0,    段柏文、于池子、斯嘉丽便是天中的高三学生。在青春期的年纪，围绕在三个少男少女之间的青春困惑和烦恼，最终在李珥老师的帮助下化解，一起迎来了他们的高考，以及之后的崭新生活。<\/p>     其实光看网剧的话，感觉还可以吧，但我是作为书粉，想看一下网剧怎么样。女主蛮喜欢的，看过他的两部网剧，男主说不出来，但是和我想象的有差距。剧情还是蛮好的吧，毕竟网剧有这么多集数，可以较好的还原小说。一直很喜欢这种青春校园的小说和影片，很喜欢于池子，但是讨厌斯嘉丽，虽然斯嘉丽也蛮可怜的，但是恶毒的女二总是让人喜欢不起来。<\/p>     总得来说可以一看的一部网剧吧。<\/p>\n      <\/div>\n\n      \n\n  \n\n  \n\n\n        ,吧啦吧啦
2018-06-04 20:56:10,推荐,使徒行者,28,0,该剧聚焦在灰色地带下挣扎求存的警队卧底生活。因警队高层的离奇死亡，与死者联系的五名卧底全部失踪，他们掌握着警队的高度机密，谁是卧底？谁是黑警？是敌是友，难以分辨。<\/p> 故事还是传统的港式警匪卧底题材，不过这次采用的是略带轻松的手法来处理，讲述5个卧底的失踪与找寻的故事。由于最初是为吸引梁家辉回巢拍的一部作品，所以剧本方面还是相当不错的，警匪片的悬念以及紧张刺激等元素都齐全了，加上监制采取大量的高清摄像机拍摄枪战及动作场面的慢镜头，使剧集有了电影的感觉，加分不少。<\/p> 卧底无处不在，无论是黑道的还是警方的，这些行走于无间地狱的行者们，保持信念，不忘初心。<\/p>\n      <\/div>\n\n      \n\n  \n\n  \n\n\n    <\/div>\n\n    ,十里故清欢
2018-06-04 20:20:01,推荐,《釜山行》人性的折射,25,0," 萌大叔，一个体贴而又温暖、一个坚强而又正义的男人，对自己妻子体贴照顾，对别人也是挺身而出。当他自知生存无望，他拜托石宇护妻儿周全，他告诉爱妻：咱们的女儿叫瑞妍。当他用自己的身躯堵住喷涌而来的丧尸，用残存的那么一点意识回头再看一眼自己的爱妻，满眼尽是不舍，因为下一刻，你我就阴阳相隔。<\/p> 死生契阔，与子成说，执子之手， 与子偕老。多美的爱情誓言，如果不能陪你终老，拼死也要护你周全，大叔，你也让我感动了。<\/p> 相顾无言，面对丈夫拼死的保护，你泣不成声，你不忍离去，却又不得不离去，只为腹中你们共同的守护。所以你坚持着，你守护着，守护的不仅是你们的女儿，也是你们爱情的誓言。<\/p>\n      <\/div>\n\n      \n\n  \n\n  \n\n\n    <\/div>\n\n      萌大叔，一个体贴而又温暖、一个坚强而又正义的男人，对自己妻子体贴照顾，对别人也是挺身而出。当他自知生存无望，他拜托石宇护妻儿周全，他告诉爱妻：咱们的女儿叫瑞妍。当他用自己的身躯堵住喷涌而来的丧尸，用残存的那么一点意识回头再看一眼自己的爱妻，满眼尽是不舍，因为下一刻，你我就阴阳相隔。<\/p> 死生契阔，与子成说，执子之手， 与子偕老。多美的爱情誓言，如果不能陪你终老，拼死也要护你周全，大叔，你也让我感动了。<\/p> 相顾无言，面对丈夫拼死的保护，你泣不成声，你不忍离去，却又不得不离去，只为腹中你们共同的守护。所以你坚持着，你守护着，守护的不仅是你们的女儿，也是你们爱情的誓言。<\/p>""}",莫里幽白
2018-06-04 11:20:27,推荐,很有年代感的电影，每一个人都有自己的芳华,38,3,国产电影中很不错的一部年代剧，让我们感受到了那个年代的芳华，芳华已逝，珍惜当下！好看，可以让我们回忆起过往美好的时光，让我们珍惜今天，忆苦思甜，感叹当年人与人之间真挚的情感，是那么美好 一代人的记忆，一段特殊的时光，名利如粪土，人性最真美。虽然不是很理解自己当时的芳华，但觉得还是不要辜负自己的大好青春吧。。。<\/p>\n      <\/div>\n\n      \n\n  \n\n  \n\n\n        ,樱花少女
26,推荐,0,这是一个赎罪者写的故事。富商之子阿米尔和家里仆人的儿子哈桑是一起长大 亲密无间的朋友。然而跨越等级的友谊是注定没有结果的。哈桑为了阿米尔无怨无悔 阿米尔却在哈桑遭遇暴行时因为懦弱与虚荣选择了转身离去 甚至落井下石。 “为你千千万万遍”这是哈桑对阿米尔的告白 也是他们之间友情最刻骨铭心的见证 哈桑将阿米尔当做最好的朋友 也是唯一的朋友 他可以为他赢得一场比赛 可以为他在父亲面前撒谎 甚至可以在被阿米尔背叛后选择用离开的方式默默守护。数年后 阿米尔的活趋于平静 但内心的不安与更加残酷的事实迫使他选择了一条艰难却无法回头的赎罪之路。这个关于风筝的故事带给我们 是关于友情 身份与赎罪的永恒讨论。<\/p>\n      <\/div>\n\n      \n\n  \n\n  \n\n\n    <\/div>\n\n    ,为你 千千万万遍,Crush,2018-06-05 17:27:27
41,较差,1,女二看到了男一偷吻女主，而且已经和男一已经分手还要去责怪女主，女二都吻了男二，充当了莫名其妙的“女神”，不过女二确实是一直都在把男二当备胎备着，居然继续对关心其弟弟的女主翻白眼， 男三真的就是一个三观不正的废物富二代，萧清的个性太完美，但是我看不下去了 ，罗晋的嘴唇为什么那么黑，觉得他真不适合演这个角色，还是克拉恋人时期的雷奕明演的多好，这剧情真的有些狗血。<\/p>\n      <\/div>\n\n      \n\n  \n\n  \n\n\n    <\/div>\n\n    ,这剧情太狗血,发呆中的电冰箱,2018-06-04 19:07:58
43,较差,0,真的觉得这部剧三观有问题，以为是描述了两种唯美的爱情，其实呢，何书桓就是个渣渣，特别戏精的渣渣，在面对依萍的时候他可以说出很唯美的话。转眼又可以对如萍诉情，明知道如萍对你有情，当你说你心里还是喜欢依萍的时候，你就是同时伤害了两个人，最后还指责依萍这不是那不是，这剧播在以前看到挺多，小时候也看过，不懂觉得很经典很好看，现在再看来……若是放在现在那真是毁三观，遭人骂。如果单讲家庭感情的话，剧情其实都还好，爱情观真是不忍直视，整部剧就觉得依萍和杜飞还是个有思想的正常人<\/p>\n      <\/div>\n\n      \n\n  \n\n  \n\n\n        ,何书桓史诗级的渣男,离离原,2018-06-04 23:23:54
43,推荐,5,  我是个不喜欢看动漫的人，所以尽管当初大家都在讨论这部电影时，也没有想法去看。昨天室友二刷这部剧哭的稀里哗啦的，我实在好奇今天也来看了。不得不说，确实唯美，也很感人。可是有些东西不仅仅只是感人就可以了。<\/p>   看完后，我想，我会为椿想要回报他人的这种情感所撼动，可若此回报以你身边人经历灾难甚至死亡为交换，这个代价会不会太大？我不知道应该说椿是善良还是自私，她想要回报救她的人，却又让族人陷于苦难之中，但她最后却奉献自己拯救了族人。一切似乎都是连在一起的，却又感觉并不喜欢这种联系。也许善良与自私都来自内心深处对生命的敬畏吧。<\/p>   看完后，最心疼默默付出的那个大男孩――湫。这场关于“爱”的角逐，是他输了，可也是他，让她赢了。故事起源于爱，结束于爱，也算是有头有尾。<\/p>   他由奶奶带大，从小就天不怕地不怕，所以他更懂得爱的含义。当他了解的一切时，他只希望他心里那个把他当做好朋友、哥哥的小女孩可以幸福。或许因为缺少，他更加珍惜这份爱，无论是朋友，或是心上人，她，是他的劫数啊。他耗尽一切只为她。可若是如此，我愿他从未遇见她。我相信“爱会迟到，但不会不来”，也许有一天他遇见一个值得他深爱并且深爱他的女孩，他们一起为他的奶奶颐养天年。可这世界没有这么多也许，遇见了就是遇见了，爱上了就是爱上了，付出了也甘之如饴，一切只因为，她是椿而他是湫啊。其实，爱真的太难。<\/p>   这部剧，最喜欢最后一段旁白：这短短的一生，我们最终都会失去。你不妨大胆一些，爱一个人，攀一座山，追一个梦。愿我们用足够的勇气吧。<\/p>   若岁月难熬，也愿你有良人相伴；<\/p>   若冬日严寒，也愿有人送去温暖；<\/p>   若夏日太暖，也愿有人捎去清凉；<\/p>   若是这一次，只希望你幸福就好。<\/p>   若苦难来临，唯愿我们敬畏生命。<\/p>   湫，若真的有下一世，你还会愿意遇见他吗？<\/p>   此文仅用来表达个人感受，谢谢！（因为没看过动漫，所以确实不懂画风什么的，这段影评也写的不好，只是看完后的一些感受，见谅！）<\/p>   <\/p>\n      <\/div>\n\n      \n\n  \n\n  \n\n\n        ,湫，若有来世，你还愿意遇见椿吗？,时初°,2018-06-04 15:12:01
35,力荐,0,"音乐是沟通的语言，超越年龄超越阶层超越国界。克莱蒙特打算用音乐去感染这帮学生，而这些学生们似乎也都天生具备了这样的能力，集合成团的力量让他们的合声显得如此的悠扬，没有坏学生，只有坏老师，这句话是对的。老师的责任不只是培养学生得到好的成绩，因材施教，让每个学生都得到自己好的发展也许才是为人之师最应该做的。 <\/p> 虽然影片的结局是美好的，但克莱蒙特感化这帮学生的过程并不容易，最激烈的冲突就发生在一个叫皮埃尔的身上，他处处反抗，抵制音乐，但对于伯乐克莱蒙特来说，这匹千里马是难得的。所以尽管异常辛苦，他仍然用自己的大爱去感化着这个青年，当影片中领导视察学校时，皮埃尔的天籁之音响起，克莱蒙特终于实现了自己想做到的事情。 <\/p>\n      <\/div>\n\n      \n\n  \n\n  \n\n\n    <\/div>\n\n     音乐是沟通的语言，超越年龄超越阶层超越国界。克莱蒙特打算用音乐去感染这帮学生，而这些学生们似乎也都天生具备了这样的能力，集合成团的力量让他们的合声显得如此的悠扬，没有坏学生，只有坏老师，这句话是对的。老师的责任不只是培养学生得到好的成绩，因材施教，让每个学生都得到自己好的发展也许才是为人之师最应该做的。 <\/p> 虽然影片的结局是美好的，但克莱蒙特感化这帮学生的过程并不容易，最激烈的冲突就发生在一个叫皮埃尔的身上，他处处反抗，抵制音乐，但对于伯乐克莱蒙特来说，这匹千里马是难得的。所以尽管异常辛苦，他仍然用自己的大爱去感化着这个青年，当影片中领导视察学校时，皮埃尔的天籁之音响起，克莱蒙特终于实现了自己想做到的事情。 <\/p>""}","音乐,使人心生美好!",谁啊是谁啊,2018-06-04 15:04:28
26,力荐,0,\n          这篇影评可能有剧透\n        <\/p>\n\n    \n  \n    \n\n     让子弹飞一会儿，真是太喜欢这个句话了，张麻子，一个心怀天下的英雄，带领自己的兄弟拯救鹅城的百姓于水火之中，“不准跪，都tm的不准跪”他是真的站在百姓这边的啊，其实一次电影看完后在我脑海里不过走马观花，只是跟着剧情很激动，故事结束却让我无所适从，而故事也在结尾的照应开头得到了升华，这样一个从容开枪，代表群众利益的英雄在最后终究留下了自己一个人，兄弟们走了，喜欢的女子跟着兄弟们走了，而自己亲手拯救的百姓也亲手抢自己的椅子，但，他还是他，张麻子，张牧之。<\/p>\n      <\/div>\n\n      \n\n  \n\n  \n\n\n        ,让子弹飞一会儿,穿的是皮囊,2018-06-05 00:17:49
31,还行,0,    段柏文、于池子、斯嘉丽便是天中的高三学生。在青春期的年纪，围绕在三个少男少女之间的青春困惑和烦恼，最终在李珥老师的帮助下化解，一起迎来了他们的高考，以及之后的崭新生活。<\/p>     其实光看网剧的话，感觉还可以吧，但我是作为书粉，想看一下网剧怎么样。女主蛮喜欢的，看过他的两部网剧，男主说不出来，但是和我想象的有差距。剧情还是蛮好的吧，毕竟网剧有这么多集数，可以较好的还原小说。一直很喜欢这种青春校园的小说和影片，很喜欢于池子，但是讨厌斯嘉丽，虽然斯嘉丽也蛮可怜的，但是恶毒的女二总是让人喜欢不起来。<\/p>     总得来说可以一看的一部网剧吧。<\/p>\n      <\/div>\n\n      \n\n  \n\n  \n\n\n        ,青春的秘密,吧啦吧啦,2018-06-04 22:30:57
28,推荐,0,该剧聚焦在灰色地带下挣扎求存的警队卧底生活。因警队高层的离奇死亡，与死者联系的五名卧底全部失踪，他们掌握着警队的高度机密，谁是卧底？谁是黑警？是敌是友，难以分辨。<\/p> 故事还是传统的港式警匪卧底题材，不过这次采用的是略带轻松的手法来处理，讲述5个卧底的失踪与找寻的故事。由于最初是为吸引梁家辉回巢拍的一部作品，所以剧本方面还是相当不错的，警匪片的悬念以及紧张刺激等元素都齐全了，加上监制采取大量的高清摄像机拍摄枪战及动作场面的慢镜头，使剧集有了电影的感觉，加分不少。<\/p> 卧底无处不在，无论是黑道的还是警方的，这些行走于无间地狱的行者们，保持信念，不忘初心。<\/p>\n      <\/div>\n\n      \n\n  \n\n  \n\n\n    <\/div>\n\n    ,使徒行者,十里故清欢,2018-06-04 20:56:10
25,推荐,0," 萌大叔，一个体贴而又温暖、一个坚强而又正义的男人，对自己妻子体贴照顾，对别人也是挺身而出。当他自知生存无望，他拜托石宇护妻儿周全，他告诉爱妻：咱们的女儿叫瑞妍。当他用自己的身躯堵住喷涌而来的丧尸，用残存的那么一点意识回头再看一眼自己的爱妻，满眼尽是不舍，因为下一刻，你我就阴阳相隔。<\/p> 死生契阔，与子成说，执子之手， 与子偕老。多美的爱情誓言，如果不能陪你终老，拼死也要护你周全，大叔，你也让我感动了。<\/p> 相顾无言，面对丈夫拼死的保护，你泣不成声，你不忍离去，却又不得不离去，只为腹中你们共同的守护。所以你坚持着，你守护着，守护的不仅是你们的女儿，也是你们爱情的誓言。<\/p>\n      <\/div>\n\n      \n\n  \n\n  \n\n\n    <\/div>\n\n      萌大叔，一个体贴而又温暖、一个坚强而又正义的男人，对自己妻子体贴照顾，对别人也是挺身而出。当他自知生存无望，他拜托石宇护妻儿周全，他告诉爱妻：咱们的女儿叫瑞妍。当他用自己的身躯堵住喷涌而来的丧尸，用残存的那么一点意识回头再看一眼自己的爱妻，满眼尽是不舍，因为下一刻，你我就阴阳相隔。<\/p> 死生契阔，与子成说，执子之手， 与子偕老。多美的爱情誓言，如果不能陪你终老，拼死也要护你周全，大叔，你也让我感动了。<\/p> 相顾无言，面对丈夫拼死的保护，你泣不成声，你不忍离去，却又不得不离去，只为腹中你们共同的守护。所以你坚持着，你守护着，守护的不仅是你们的女儿，也是你们爱情的誓言。<\/p>""}",《釜山行》人性的折射,莫里幽白,2018-06-04 20:20:01
38,推荐,3,国产电影中很不错的一部年代剧，让我们感受到了那个年代的芳华，芳华已逝，珍惜当下！好看，可以让我们回忆起过往美好的时光，让我们珍惜今天，忆苦思甜，感叹当年人与人之间真挚的情感，是那么美好 一代人的记忆，一段特殊的时光，名利如粪土，人性最真美。虽然不是很理解自己当时的芳华，但觉得还是不要辜负自己的大好青春吧。。。<\/p>\n      <\/div>\n\n      \n\n  \n\n  \n\n\n        ,很有年代感的电影，每一个人都有自己的芳华,樱花少女,2018-06-04 11:20:27
为你 千千万万遍,这是一个赎罪者写的故事。富商之子阿米尔和家里仆人的儿子哈桑是一起长大 亲密无间的朋友。然而跨越等级的友谊是注定没有结果的。哈桑为了阿米尔无怨无悔 阿米尔却在哈桑遭遇暴行时因为懦弱与虚荣选择了转身离去 甚至落井下石。 “为你千千万万遍”这是哈桑对阿米尔的告白 也是他们之间友情最刻骨铭心的见证 哈桑将阿米尔当做最好的朋友 也是唯一的朋友 他可以为他赢得一场比赛 可以为他在父亲面前撒谎 甚至可以在被阿米尔背叛后选择用离开的方式默默守护。数年后 阿米尔的活趋于平静 但内心的不安与更加残酷的事实迫使他选择了一条艰难却无法回头的赎罪之路。这个关于风筝的故事带给我们 是关于友情 身份与赎罪的永恒讨论。<\/p>\n      <\/div>\n\n      \n\n  \n\n  \n\n\n    <\/div>\n\n    ,2018-06-05 17:27:27,Crush,29,推荐,0
这剧情太狗血,女二看到了男一偷吻女主，而且已经和男一已经分手还要去责怪女主，女二都吻了男二，充当了莫名其妙的“女神”，不过女二确实是一直都在把男二当备胎备着，居然继续对关心其弟弟的女主翻白眼， 男三真的就是一个三观不正的废物富二代，萧清的个性太完美，但是我看不下去了 ，罗晋的嘴唇为什么那么黑，觉得他真不适合演这个角色，还是克拉恋人时期的雷奕明演的多好，这剧情真的有些狗血。<\/p>\n      <\/div>\n\n      \n\n  \n\n  \n\n\n    <\/div>\n\n    ,2018-06-04 19:07:58,发呆中的电冰箱,41,较差,1
何书桓史诗级的渣男,真的觉得这部剧三观有问题，以为是描述了两种唯美的爱情，其实呢，何书桓就是个渣渣，特别戏精的渣渣，在面对依萍的时候他可以说出很唯美的话。转眼又可以对如萍诉情，明知道如萍对你有情，当你说你心里还是喜欢依萍的时候，你就是同时伤害了两个人，最后还指责依萍这不是那不是，这剧播在以前看到挺多，小时候也看过，不懂觉得很经典很好看，现在再看来……若是放在现在那真是毁三观，遭人骂。如果单讲家庭感情的话，剧情其实都还好，爱情观真是不忍直视，整部剧就觉得依萍和杜飞还是个有思想的正常人<\/p>\n      <\/div>\n\n      \n\n  \n\n  \n\n\n        ,2018-06-04 23:23:54,离离原,47,较差,1
湫，若有来世，你还愿意遇见椿吗？,  我是个不喜欢看动漫的人，所以尽管当初大家都在讨论这部电影时，也没有想法去看。昨天室友二刷这部剧哭的稀里哗啦的，我实在好奇今天也来看了。不得不说，确实唯美，也很感人。可是有些东西不仅仅只是感人就可以了。<\/p>   看完后，我想，我会为椿想要回报他人的这种情感所撼动，可若此回报以你身边人经历灾难甚至死亡为交换，这个代价会不会太大？我不知道应该说椿是善良还是自私，她想要回报救她的人，却又让族人陷于苦难之中，但她最后却奉献自己拯救了族人。一切似乎都是连在一起的，却又感觉并不喜欢这种联系。也许善良与自私都来自内心深处对生命的敬畏吧。<\/p>   看完后，最心疼默默付出的那个大男孩――湫。这场关于“爱”的角逐，是他输了，可也是他，让她赢了。故事起源于爱，结束于爱，也算是有头有尾。<\/p>   他由奶奶带大，从小就天不怕地不怕，所以他更懂得爱的含义。当他了解的一切时，他只希望他心里那个把他当做好朋友、哥哥的小女孩可以幸福。或许因为缺少，他更加珍惜这份爱，无论是朋友，或是心上人，她，是他的劫数啊。他耗尽一切只为她。可若是如此，我愿他从未遇见她。我相信“爱会迟到，但不会不来”，也许有一天他遇见一个值得他深爱并且深爱他的女孩，他们一起为他的奶奶颐养天年。可这世界没有这么多也许，遇见了就是遇见了，爱上了就是爱上了，付出了也甘之如饴，一切只因为，她是椿而他是湫啊。其实，爱真的太难。<\/p>   这部剧，最喜欢最后一段旁白：这短短的一生，我们最终都会失去。你不妨大胆一些，爱一个人，攀一座山，追一个梦。愿我们用足够的勇气吧。<\/p>   若岁月难熬，也愿你有良人相伴；<\/p>   若冬日严寒，也愿有人送去温暖；<\/p>   若夏日太暖，也愿有人捎去清凉；<\/p>   若是这一次，只希望你幸福就好。<\/p>   若苦难来临，唯愿我们敬畏生命。<\/p>   湫，若真的有下一世，你还会愿意遇见他吗？<\/p>   此文仅用来表达个人感受，谢谢！（因为没看过动漫，所以确实不懂画风什么的，这段影评也写的不好，只是看完后的一些感受，见谅！）<\/p>   <\/p>\n      <\/div>\n\n      \n\n  \n\n  \n\n\n        ,2018-06-04 15:12:01,时初°,43,推荐,6
"音乐,使人心生美好!","音乐是沟通的语言，超越年龄超越阶层超越国界。克莱蒙特打算用音乐去感染这帮学生，而这些学生们似乎也都天生具备了这样的能力，集合成团的力量让他们的合声显得如此的悠扬，没有坏学生，只有坏老师，这句话是对的。老师的责任不只是培养学生得到好的成绩，因材施教，让每个学生都得到自己好的发展也许才是为人之师最应该做的。 <\/p> 虽然影片的结局是美好的，但克莱蒙特感化这帮学生的过程并不容易，最激烈的冲突就发生在一个叫皮埃尔的身上，他处处反抗，抵制音乐，但对于伯乐克莱蒙特来说，这匹千里马是难得的。所以尽管异常辛苦，他仍然用自己的大爱去感化着这个青年，当影片中领导视察学校时，皮埃尔的天籁之音响起，克莱蒙特终于实现了自己想做到的事情。 <\/p>\n      <\/div>\n\n      \n\n  \n\n  \n\n\n    <\/div>\n\n     音乐是沟通的语言，超越年龄超越阶层超越国界。克莱蒙特打算用音乐去感染这帮学生，而这些学生们似乎也都天生具备了这样的能力，集合成团的力量让他们的合声显得如此的悠扬，没有坏学生，只有坏老师，这句话是对的。老师的责任不只是培养学生得到好的成绩，因材施教，让每个学生都得到自己好的发展也许才是为人之师最应该做的。 <\/p> 虽然影片的结局是美好的，但克莱蒙特感化这帮学生的过程并不容易，最激烈的冲突就发生在一个叫皮埃尔的身上，他处处反抗，抵制音乐，但对于伯乐克莱蒙特来说，这匹千里马是难得的。所以尽管异常辛苦，他仍然用自己的大爱去感化着这个青年，当影片中领导视察学校时，皮埃尔的天籁之音响起，克莱蒙特终于实现了自己想做到的事情。 <\/p>""}",2018-06-04 15:04:28,谁啊是谁啊,35,力荐,0
让子弹飞一会儿,\n          这篇影评可能有剧透\n        <\/p>\n\n    \n  \n    \n\n     让子弹飞一会儿，真是太喜欢这个句话了，张麻子，一个心怀天下的英雄，带领自己的兄弟拯救鹅城的百姓于水火之中，“不准跪，都tm的不准跪”他是真的站在百姓这边的啊，其实一次电影看完后在我脑海里不过走马观花，只是跟着剧情很激动，故事结束却让我无所适从，而故事也在结尾的照应开头得到了升华，这样一个从容开枪，代表群众利益的英雄在最后终究留下了自己一个人，兄弟们走了，喜欢的女子跟着兄弟们走了，而自己亲手拯救的百姓也亲手抢自己的椅子，但，他还是他，张麻子，张牧之。<\/p>\n      <\/div>\n\n      \n\n  \n\n  \n\n\n        ,2018-06-05 00:17:49,穿的是皮囊,26,力荐,0
青春的秘密,    段柏文、于池子、斯嘉丽便是天中的高三学生。在青春期的年纪，围绕在三个少男少女之间的青春困惑和烦恼，最终在李珥老师的帮助下化解，一起迎来了他们的高考，以及之后的崭新生活。<\/p>     其实光看网剧的话，感觉还可以吧，但我是作为书粉，想看一下网剧怎么样。女主蛮喜欢的，看过他的两部网剧，男主说不出来，但是和我想象的有差距。剧情还是蛮好的吧，毕竟网剧有这么多集数，可以较好的还原小说。一直很喜欢这种青春校园的小说和影片，很喜欢于池子，但是讨厌斯嘉丽，虽然斯嘉丽也蛮可怜的，但是恶毒的女二总是让人喜欢不起来。<\/p>     总得来说可以一看的一部网剧吧。<\/p>\n      <\/div>\n\n      \n\n  \n\n  \n\n\n        ,2018-06-04 22:30:57,吧啦吧啦,31,还行,0
使徒行者,该剧聚焦在灰色地带下挣扎求存的警队卧底生活。因警队高层的离奇死亡，与死者联系的五名卧底全部失踪，他们掌握着警队的高度机密，谁是卧底？谁是黑警？是敌是友，难以分辨。<\/p> 故事还是传统的港式警匪卧底题材，不过这次采用的是略带轻松的手法来处理，讲述5个卧底的失踪与找寻的故事。由于最初是为吸引梁家辉回巢拍的一部作品，所以剧本方面还是相当不错的，警匪片的悬念以及紧张刺激等元素都齐全了，加上监制采取大量的高清摄像机拍摄枪战及动作场面的慢镜头，使剧集有了电影的感觉，加分不少。<\/p> 卧底无处不在，无论是黑道的还是警方的，这些行走于无间地狱的行者们，保持信念，不忘初心。<\/p>\n      <\/div>\n\n      \n\n  \n\n  \n\n\n    <\/div>\n\n    ,2018-06-04 20:56:10,十里故清欢,28,推荐,0
《釜山行》人性的折射," 萌大叔，一个体贴而又温暖、一个坚强而又正义的男人，对自己妻子体贴照顾，对别人也是挺身而出。当他自知生存无望，他拜托石宇护妻儿周全，他告诉爱妻：咱们的女儿叫瑞妍。当他用自己的身躯堵住喷涌而来的丧尸，用残存的那么一点意识回头再看一眼自己的爱妻，满眼尽是不舍，因为下一刻，你我就阴阳相隔。<\/p> 死生契阔，与子成说，执子之手， 与子偕老。多美的爱情誓言，如果不能陪你终老，拼死也要护你周全，大叔，你也让我感动了。<\/p> 相顾无言，面对丈夫拼死的保护，你泣不成声，你不忍离去，却又不得不离去，只为腹中你们共同的守护。所以你坚持着，你守护着，守护的不仅是你们的女儿，也是你们爱情的誓言。<\/p>\n      <\/div>\n\n      \n\n  \n\n  \n\n\n    <\/div>\n\n      萌大叔，一个体贴而又温暖、一个坚强而又正义的男人，对自己妻子体贴照顾，对别人也是挺身而出。当他自知生存无望，他拜托石宇护妻儿周全，他告诉爱妻：咱们的女儿叫瑞妍。当他用自己的身躯堵住喷涌而来的丧尸，用残存的那么一点意识回头再看一眼自己的爱妻，满眼尽是不舍，因为下一刻，你我就阴阳相隔。<\/p> 死生契阔，与子成说，执子之手， 与子偕老。多美的爱情誓言，如果不能陪你终老，拼死也要护你周全，大叔，你也让我感动了。<\/p> 相顾无言，面对丈夫拼死的保护，你泣不成声，你不忍离去，却又不得不离去，只为腹中你们共同的守护。所以你坚持着，你守护着，守护的不仅是你们的女儿，也是你们爱情的誓言。<\/p>""}",2018-06-04 20:20:01,莫里幽白,26,推荐,0
很有年代感的电影，每一个人都有自己的芳华,国产电影中很不错的一部年代剧，让我们感受到了那个年代的芳华，芳华已逝，珍惜当下！好看，可以让我们回忆起过往美好的时光，让我们珍惜今天，忆苦思甜，感叹当年人与人之间真挚的情感，是那么美好 一代人的记忆，一段特殊的时光，名利如粪土，人性最真美。虽然不是很理解自己当时的芳华，但觉得还是不要辜负自己的大好青春吧。。。<\/p>\n      <\/div>\n\n      \n\n  \n\n  \n\n\n        ,2018-06-04 11:20:27,樱花少女,38,推荐,3
勇敢去挑战,《疯狂动物城》超强的想象力，耳目一新的呈现方式，实现动画新元素在娱乐和商业价值的高度融合，为全球观众奉献了一部精神和视觉盛宴，一部颇有影响力的世界性经典动画大片。<\/p> 表达的不仅是灰姑娘变公主的蜕变之路，而是给孩子每一个角色和每一个进电影院的孩子一个更积极向上的信息——从自己开始改变，你一定会成为那个力所能及、实现自我的人，你也会看到更美的<\/p>\n      <\/div>\n\n      \n\n  \n\n  \n\n\n    <\/div>\n\n    ,2018-06-04 22:50:34,莲蝶,26,力荐,0
。,故事线路丰富，元素多样，但总觉得哪里差点……其实对徐峥的演技一直没有完全get 似乎还停留在猪八戒时刻？剧情还可以，关于选择的剧情比较少，前期可以，后劲不足。中国的电影也能看到国际悬疑片的影子了，反转再反转，虽然有些细节经不起推敲，但整体构思还可以……螳螂捕蝉 黄雀在后“黄雀后面的才是幕后玩家”<\/p>\n      <\/div>\n\n      \n\n  \n\n  \n\n\n        ,2018-06-04 10:09:59,Prejudice,33,还行,2
亲情总是打动人,本质是公路片，印度保护萝莉版西游记。不同于三傻，摔爸，神秘巨星这种天才主角设定，猴神帕万有几分阿甘的味道，看似有点傻，其实有颗赤子之心。普通人的故事，更能引起广泛的共鸣感。\n主旨很宏大，故事设定在克什米尔这一印巴常年战争区，用大叔与萝莉的友情化解两国仇恨。取材于宗教精神，却又用爱超越宗教的限制。对异教徒，心怀理解。对异国人，怀有善意。<\/p>\n      <\/div>\n\n      \n\n  \n\n  \n\n\n        ,2018-06-05 17:45:35,干脆面菌7,18,推荐,0
特殊的青春，特别的情怀,"对于影片的整体，我觉得比较一般，其实不太明白为什么要把这四个故事串在一起讲，觉得讲的有点散，影片的主旨也比较不明确，以我的想法，其实单单把一个故事讲好讲透讲的有深度就很好很好了。故事来说我只想给四星，但因为某些情怀，又不得不加一星，虽然不是清华人，但对这座历史悠久、最高等的学府一直以来都是心生向往的，对于清华的故事、清华人的故事也是羡慕、憧憬与崇敬的，因此对于四代清华人的小故事也很有感慨。还有对那些放下书本、挥洒鲜血为抗日而战斗的大学生，也有着很多很多的崇敬，影片中沈光耀的故事有一段特别触动我，就是空袭警报拉响的时候，他们旁若无人的条件艰苦的防空战壕中上课，教授讲的专注，学生学的专注，而在我们今天条件优越的教室里，老师和学生们的专注、热情却远远不及他们。四个故事中描述最多的应该是章子怡的那个故事，对这个故事反而没什么感触。<\/p>\n      <\/div>\n\n      \n\n  \n\n  \n\n\n         对于影片的整体，我觉得比较一般，其实不太明白为什么要把这四个故事串在一起讲，觉得讲的有点散，影片的主旨也比较不明确，以我的想法，其实单单把一个故事讲好讲透讲的有深度就很好很好了。故事来说我只想给四星，但因为某些情怀，又不得不加一星，虽然不是清华人，但对这座历史悠久、最高等的学府一直以来都是心生向往的，对于清华的故事、清华人的故事也是羡慕、憧憬与崇敬的，因此对于四代清华人的小故事也很有感慨。还有对那些放下书本、挥洒鲜血为抗日而战斗的大学生，也有着很多很多的崇敬，影片中沈光耀的故事有一段特别触动我，就是空袭警报拉响的时候，他们旁若无人的条件艰苦的防空战壕中上课，教授讲的专注，学生学的专注，而在我们今天条件优越的教室里，老师和学生们的专注、热情却远远不及他们。四个故事中描述最多的应该是章子怡的那个故事，对这个故事反而没什么感触。<\/p>""}",2018-06-04 18:09:29,kiki,25,推荐,0
可以的,\n 这剧太魔性了，每次听到Legal High的画外配音，浓浓的“李狗嗨“风情势不可挡。喜欢古美门萌贱萌贱的属性，那欠揍的笑容，骚气地撩刘海，夸张的语气和动作，各种不可思议的打开方式，怼得对方无话可说的样子……最喜欢的是，古美门既会大胆地蔑视权力怼上级，又能一针见血看出大众的问题所在，还不掩饰自己对金钱的喜爱，毒舌得让人又气又喜。我记得很多小说都喜欢塑造这种表面玩世不恭三观不正，但实际却是小说中最令人钦佩的角色。最有力的证明是每个古美门身边都有一个受人尊敬、阅历丰富的服部叔，心甘情愿地陪伴在古美门身边。\n除了人物讨喜和金句频出，我觉得这部剧传递的最棒的一个价值观是没有绝对的对和错。古美门律师“为自己委托人的利益全身而战”，不管委托人在大众常规判断中是否是理亏的一方，比如出轨的男作家、贪污的政府高官、房地产公司等等这些在大众口中是做错了的一方，通过古美门律师总能让人发现大众对他们的批判中欠缺考虑的地方，或者大众不知道的事情。我喜欢在每一集的观看中，将自己代入到普遍的大众视角，再通过古美门的一番毒舌，狠狠地警示自己——对于正义和真相，“别太自恋，我们不是神”；而对于“所谓律师”，服部叔的“律师就是侍奉法律女神的，骑士一般的人物吧。而我呢，就是骑士的马夫吧！”一番话简直再精彩不过了！\n这种感觉，就好比，我追求的是理想女神，我没有能力决定我是否能靠近我的女神，但是我终我一生做她的骑士。<\/p>\n      <\/div>\n\n      \n\n  \n\n  \n\n\n        ,2018-06-04 23:46:57,看不见,21,推荐,0
活在当下！别让自己后悔莫及。,"\n          这篇剧评可能有剧透\n        <\/p>\n\n    \n  \n    \n\n     当初补山P的剧时，看到了这部剧，看完之后除了一声叹息，更多的是反思，这真的是一部令人受益匪浅的好剧。\n一场地震让一所学校凭空消失,连同由于各种原因来到学校里的学生老师，他们来到了一个他们所不熟悉的荒废的未知世界–漂流教室。恐惧，生存，争夺，野性，背叛...该如何选择?成为他们不得不面对的一个又一个问题，他们又该何去何从? 在那个世界口口声声说要保护学生的老师竟成为了凶手,举起了他们那犯罪的双手; 不知明天到底能不能到来让一个又一个的学生想到死亡;  ""我回来了!""简简单单的四个字变的那么的温馨却又那么的遥不可及。。。\n活在当下。这应该是这部剧最深的主旨。活在当下，不是过去，也不是未来。我们总是想着，现实生活中怎么也不会发生像电视剧里的情节，所以有些东西不必现在就做。可是，就算我们的学校不会凭空消失去到未来，我们也还是会遇到类似错过，生离死别这样的时候。。。生命真的很脆弱，所以别等到来不及的时候才去做那些很重要的事，勇敢的说对不起，勇敢的说谢谢你！大胆的表白出你的爱吧，活在当下！别让自己后悔莫及。<\/p>\n      <\/div>\n\n      \n\n  \n\n  \n\n\n        ",2018-06-03 15:40:39,云之归处,49,推荐,0
《泡沫之夏》,\n          这篇剧评可能有剧透\n        <\/p>\n\n    \n  \n    \n\n     首先剧情我觉得很好看，甜中有点虐。<\/p> 但是我都没搞懂，女主到底爱谁啊！我看了之后觉得夏沫爱欧辰，喜欢洛熙吧！<\/p> 最开始，和欧辰在一起，爱得死去活来，等她的家人出事后，狠心抛下了欧辰，跟他分手了，应该每一个情侣之间遇到这样的事情之后，都会分手。但三年后，他对欧辰就一点爱都没了嘛！能做的那么的决绝，然后又和洛熙在一起了。到后面的剧情真的很尬，之前洛熙离间夏沫和欧辰的感情，到后面欧辰又来破坏夏沫和洛熙的感情，感觉看着很无聊，很想吐槽一下。<\/p> 之后因为小澄需要换肾，就答应了和欧辰结婚，又对洛熙说那些绝情的话，真的感觉女主很无厘头，有种莫名其妙的感觉。<\/p> 最开始女主作，然后分手了，之后男二作，又分手了，最后又和男主在一起了，只想说真狗血，那女主和男二的爱情算什呢！<\/p> 看上去女主和男二在一起更像是情侣，更像在恋爱的感觉。<\/p> 总体来说就一般般吧！<\/p>\n      <\/div>\n\n      \n\n  \n\n  \n\n\n        ,2018-06-04 11:39:40,亦心,32,还行,0
温情不足以抵挡粗制,"\n          这篇影评可能有剧透\n        <\/p>\n\n    \n  \n    \n\n      故事有内容对于孩子来说有些许意义但是还不足以抵挡制作不够精良，剧情太过流水等问题，还有这个人物动画，总感觉看起来很别扭，人不像人，物不像物的，真的是放在六一上还好，小孩子还能看下去，此处的小孩子只限于六七岁之下，不然真的是枯燥，无味。<\/p> 影片呢讲述了因为一颗友谊树上的一颗千年才长出的友谊果，而发生的一系列的故事。爱丽儿是维护着戈加海并且拥有整个海洋无穷的宝藏的小美人鱼公主，而塞拉是住在戈加海海边的一个善良可爱的小女孩，她为了获得白雪公主的一 滴血来医治重病的母亲，途中通过一面魔镜，来到这个海底世界，因此结识了爱丽，并和寻找时光宝石的辛西娅成为了好朋友，并在卡珊和凯莉的陪伴下，在经历了误会，挫折等重重考验下，开启了一段找寻友谊果和时光宝石的冒险旅程。影评表达的也就是和好朋友要相互包容理解，有误解的时候要好好沟通，但是整部电影看下来却很无聊，剧情不够紧凑，动画制作不够精良，真的还需要学习。<\/p>\n      <\/div>\n\n      \n\n  \n\n  \n\n\n         影片呢讲述了因为一颗友谊树上的一颗千年才长出的友谊果，而发生的一系列的故事。爱丽儿是维护着戈加海并且拥有整个海洋无穷的宝藏的小美人鱼公主，而塞拉是住在戈加海海边的一个善良可爱的小女孩，她为了获得白雪公主的一 滴血来医治重病的母亲，途中通过一面魔镜，来到这个海底世界，因此结识了爱丽，并和寻找时光宝石的辛西娅成为了好朋友，并在卡珊和凯莉的陪伴下，在经历了误会，挫折等重重考验下，开启了一段找寻友谊果和时光宝石的冒险旅程。影评表达的也就是和好朋友要相互包容理解，有误解的时候要好好沟通，但是整部电影看下来却很无聊，剧情不够紧凑，动画制作不够精良，真的还需要学习。<\/p>""}",2018-06-04 08:17:59,樱桃咻咻咻,26,很差,0
迷途终有归途,《布拉格之恋》虽然并没有能完美的去再现米兰·昆德拉笔下，那充满哲学意味的《不能承受的生命之轻》，但电影用更为侧重于爱情的着墨，在长达三个小时的时间里，依旧构筑了极为深刻动人的情感，将昆德拉对关乎生命中轻与重的内核跃然光影。\n\n不论选择生命中的轻或重，都会跌入生命循环往复的永恒中，人们因为重的负担而选择追求轻盈，又由于轻的虚无转而追求重。于是，生命就在这轻与重之间不断往复的追求中达到了隐秘的平衡。正如弗兰茨的墓志铭上的献辞一样“慢慢迷途终有归途”<\/p>\n      <\/div>\n\n      \n\n  \n\n  \n\n\n    <\/div>\n\n    ,2018-06-03 11:44:10,长安,54,推荐,1
虽然有几期变差了，但是还是我的回忆,\n          这篇剧评可能有剧透\n        <\/p>\n\n    \n  \n    \n\n     奔跑吧每一期我都会看的，并且曾经会一个班的一起看，而且还是住校生，每次在放假的晚上会聚在班级一起看，很多人看的氛围很好。这也算是一种很好的回忆吧。在这里面我最喜欢的应该算是陈赫，因为他很逗。但是确实这第二季的第七期不知道是什么原因，真的有点失望，而且希望跑男带着他的独有的特色走下去－撕名牌。现在很少有这一项，都变得高大上了，唉。但是作为一种回忆，我会继续看的。希望导演能够看到。<\/p>\n      <\/div>\n\n      \n\n  \n\n  \n\n\n        ,2018-06-03 17:58:01,你always,43,推荐,3
还是很喜欢你。,我想最好的爱情，也无非就是这样了。你走后，我活成了你的样子。看完此片，觉得家明就是个多余的存在！真的搞不懂七月喜欢他什么，脚踏两只船，懦弱又假惺惺的伪君子。结局家明还会来看孩子，那他最后会和安生在一起吗？希望不要，他真的不配。<\/p> 安生最了解七月，七月也最了解安生。向往安生开始四处闯荡，快意潇洒的生活，可是这却不是她想要的；也羡慕七月安稳无忧，平静如水的生活，可是这也不是她想要的。如果她们两个互换了身份结局会不会好一点呢？如果七月没有大出血，她们两个一起照顾着小baby就这么安稳地度过一生呢？她们两个已经不能称之为友情了吧。在七月怀孕后她第一个想到的就是安生，不是父母、亲人、…家明，而是安生。七月永远的在小说里活下去了，也许现在她还在世界的某一个地方流浪着，这未尝不好。<\/p> 只因为性别相同，就不能在一起，太伤感了。<\/p>\n      <\/div>\n\n      \n\n  \n\n  \n\n\n        ,2018-06-03 15:09:23,春风十里,43,力荐,0
土拨鼠之日,\n菲尔是个气象播报员，每天除了在摄像机前给观众做风趣幽默的天气预报外，每年的2月2日他还要前往一个名为普苏塔尼的边境小镇，报导当地的土拨鼠日庆典。\n事实上，菲尔对这一节日相当嗤之以鼻并开始对工作感到厌倦，当他例行公事完成今年的报导后，便急不可待地想重返家园，却因为一场突如其来的暴风雪耽搁了。\n第2天醒来后，菲尔意外地发现时间仍然停留在前一天土拨鼠日，昨日的一切重新上演。惊讶、不信、刺激、狂喜、烦闷、焦虑、不安、绝望、倦怠等各种情绪轮流侵占菲尔的感官领域，可无论他如何选择度过这一天，他都始终无法再前进一步，开始了他重复的人生。<\/p>\n      <\/div>\n\n      \n\n  \n\n  \n\n\n    <\/div>\n\n    ,2018-06-03 21:18:10,兰花,40,推荐,0
幕后玩家,\n          这篇影评可能有剧透\n        <\/p>\n\n    \n  \n    \n\n     电影整体的视觉效果还是挺好的，徐峥饰演的是一个为了让媳妇过上好生活而在金钱上迷失自己的一个角色，但是我有点不喜欢的是凭什么要把他所做的一切都归结为爱情。王丽坤的真的是挺美的，在里面也是因为爱着钟小年而默默付出了很多的女人。剧情里一开始我不懂的是为什么钟小年醒过来发现自己被锁在了房间，窗户还被钉上了很多木条，好不容易掀开木条之后发现上面还糊了水泥，真的是有点想不明白，怎么一夜之间房间里全砌满了水泥，还把房间的设施改变了，等到唐万元去到他家拿东西的时候我才反应过来，哦，原来他是被搬到另一个一模一样的房间里。里面还有一个bug就是徐峥为了让财经记者找到自己而在别墅里纵火为了让记着跟着烟找到自己，我想，人都会被熏死在里面的吧，那么大的火那么大的烟，主角光环啊。一直没有猜出来幕后玩家是谁，不过最后结局钟小年还是得到了应有的惩罚，田雨也放下了自己的仇恨，嗯还是挺好的。<\/p>\n      <\/div>\n\n      \n\n  \n\n  \n\n\n        ,2018-06-03 21:50:01,Pink＆Green,39,推荐,0
归去来,\n          这篇剧评可能有剧透\n        <\/p>\n\n    \n  \n    \n\n     书澈、萧清、缪盈、宁鸣，因为家庭、求知、追爱等种种原因，相聚美国，成为了海外留学生中的藤校精英。书澈和缪盈本是情侣，没想到两人父亲有无法见光的利益往来，为求避嫌而强迫二人分道扬镳。萧清在几人中是个另类，她深为清廉的父亲自豪，并坚持只享受自身的劳动成果。面对身边所有人的质疑，以及母亲车祸带来的生活压力，毫不退缩。她的品格终于赢得了周围人的尊重，以及与书澈爱情。<\/p>\n      <\/div>\n\n      \n\n  \n\n  \n\n\n    <\/div>\n\n    ,2018-06-03 17:23:46,毛毛虫,40,还行,1
白鸽，教堂，火药，浪漫,影片做了微妙的对比，失去儿子的正义代表在痛苦着，逍遥法外的邪恶一方却在这安然无恙。这也使之后的追捕场面充满了张力，sean把丧子之痛完全寄托在了抓到castor身上，他那种不顾一切的玩命做法令任何人感到胆寒，最重要的是，他成功了。<\/p> 但是，宿命的差别决定了他们不能代替彼此，就像影片中castor对sean说的那句话：看来我们还是做自己比较合适。毕竟邪与正始终是两个不可融合的对立。<\/p>\n      <\/div>\n\n      \n\n  \n\n  \n\n\n    <\/div>\n\n    ,2018-06-03 23:35:54,浮生愿景,39,力荐,0
我爱你，感觉再不说就晚了,\n          这篇剧评可能有剧透\n        <\/p>\n\n    \n  \n    \n\n     这部剧很丧，男主就是最丧的那个。\n\n大多数韩剧都是虎头蛇尾，高开低走，刚开始会很尖锐的针对这个问题，譬如中年危机，又或者没钱的平民，仿佛跳出的套路，夺人眼球。\n但其实看到最后不难发现，不少韩剧已经殊途同归了，后半段差不多已经忘了最开始的初衷，完全进入到男女主的罗曼史中。\n\n然而这部剧没有，真的是一丧到底，治愈且致郁。<\/p> 男主其实一直都在那个断壁残垣充斥着死亡气息的废墟里，再也没有走出来过，当时陪他走过黑暗和绝望的声音，变成了他在阳关下难以摆脱的梦魇和心魔。<\/p> 这部剧里男主失去了父亲，却并没有表现出失去父亲的感情线，而是聚焦在失去奶奶的悲伤。他或许曾经阳光向上，但是那件事之后他失去了那么多，对眼前拥有的格外珍惜，害怕失去，近乎偏执的对待生死。毕竟在他最艰难孤寂的时候，都有她照顾陪伴。\n他每天挥霍着自己的身体劳作、要工钱、打架、寄给妹妹、还债……就像是当初说的一样，绝不会欠着钱咽气。\n日复一日，再灿烂的阳光，都没有照散他人生的阴霾。\n\n他从废墟里走出来，带着满身伤痕蹒跚前行，直到遇到了女主。\n那个把自己缩成一团等他，会紧张的问他身体状况的文秀。\n男主给女主的备注是“文秀菩萨”。《杀破狼》里有一句：未至苦处，不信神佛。\n文秀就是照亮他阴霾的阳光。\n也是一份信仰，他宁愿自己背着沉痛悲伤的过往，拼命将她举高。如果一个人喜欢你，过来跟你说“你以前受过的伤痛我都理解，以后有我……”类似这样的话其实相对满身伤痕的人来说然并卵，只有一个和你经历相似的人，跑过来抱住你，一起互舔伤口才是治愈。文秀之于江斗就是这样的一个温暖的存在。\n\n他想抓着这份温暖，但是他在尘埃里太久了，久到惧怕、久到自卑、久到逃避。\n\n但是生而为人，大家都是向往温暖的。\n\n所以他因为奶奶病情回来时会想到要见到文秀而开心。\n所以他既是拒绝着文秀，但是在看到她时嘴角会不经意间上扬，眉眼弯弯的，把眼睛笑没。\n就是这样逃避的，隐忍的，拙劣的，李江斗，这样艰难的，拒绝他唯一仅有的温暖，让人心里酸酸麻麻的。那天晚上的光昏黄的照在他的头发上，却照不到他的眼睛里，他拒绝了她那么多次，终于想抓住她的手，享受她怀里的温暖，放肆的在她面前释放自己的悲伤。\n女主也有男主的标签隐忍、压抑、念念不忘，她有着沉静如水的面容，仿佛波澜不惊，其实死水微澜。\n\n而遇到男主，出现在深潭的影子，会教训她同事让她一人去管制区域的男主，她开始觉得男主并未表面那样玩世不恭，而是一个很有责任感的人。\n\n他身上似乎有她缺失的东西，放肆、张扬，那样坚毅的身影，宽厚的手拉着她奔跑，相信她是善良的，让她放肆的大喊出声的李江斗。\n\n她那么喜欢他，喜欢到自己都害怕。\n不自觉间她变成了勇敢的文秀，去维护他，坚持等他回来，那样孤寂无望看不到未来的日子，所幸她终于等过去了，等到了江斗拉住她的手。\n只是很可惜，那年高楼倾塌把他们困在里面的废墟，已经变成一座无形的围城，将他们困在其中，挣脱不得。\n就像到了十四集，女主妈妈仍然在提醒自己铭记，仍然没有珍惜眼前人。\n江斗用力的抱住文秀，说：“我爱你，感觉再不说就晚了。”\n人生这样无常，我们永远不知道下一秒，会失去什么。\n且将旧时意，怜取眼前人。\n最后用奶奶一句话结尾，“江斗啊，努力幸福吧。”\n\n<\/p>\n      <\/div>\n\n      \n\n  \n\n  \n\n\n    <\/div>\n\n    ,2018-06-03 20:06:32,兮颜,39,力荐,0
分手的句子,"<\/p> <\/p> 你能明白，只要一想起某个人，心就会绞着疼的那种感觉吗?整个人就像失重一样。<\/p> <\/p> 人们分开总是有原因的 但是有些人 你应该等<\/p> <\/p> 你永远也不会知道，她因为爱你，在你看不到的地方做了什么事。<\/p> <\/p> 其实真的只有时间才能真的证明爱有多伟大。<\/p> <\/p> 你能明白，只要一想起某个人，心就会绞着疼的那种感觉吗?整个人就像失重一样。<\/p> <\/p> 人们分开总是有原因的 但是有些人 你应该等<\/p> <\/p> 你永远也不会知道，她因为爱你，在你看不到的地方做了什么事。<\/p> <\/p> 其实真的只有时间才能真的证明爱有多伟大。<\/p> <\/p> 因为受过<\/p> <\/p> 我选择在这见面，是想在我们开始的地方跟你结束<\/p> <\/p> 回来了又能怎么样 该变的都变了<\/p> <\/p> 笑一笑吧. \u2028我一个人笑给谁看啊. \u2028给我啊 我永远在你身边. \u2028我也在啊 我也在你身边啊. \u2028我们签个合约吧,忘了我 重新开始. \u2028我不要.<\/p>\n      <\/div>\n\n      \n\n  \n\n  \n\n\n    <\/div>\n\n     <\/p> <\/p> 你能明白，只要一想起某个人，心就会绞着疼的那种感觉吗?整个人就像失重一样。<\/p> <\/p> 人们分开总是有原因的 但是有些人 你应该等<\/p> <\/p> 你永远也不会知道，她因为爱你，在你看不到的地方做了什么事。<\/p> <\/p> 其实真的只有时间才能真的证明爱有多伟大。<\/p> <\/p> 你能明白，只要一想起某个人，心就会绞着疼的那种感觉吗?整个人就像失重一样。<\/p> <\/p> 人们分开总是有原因的 但是有些人 你应该等<\/p> <\/p> 你永远也不会知道，她因为爱你，在你看不到的地方做了什么事。<\/p> <\/p> 其实真的只有时间才能真的证明爱有多伟大。<\/p> <\/p> 因为受过<\/p> <\/p> 我选择在这见面，是想在我们开始的地方跟你结束<\/p> <\/p> 回来了又能怎么样 该变的都变了<\/p> <\/p> 笑一笑吧. \u2028我一个人笑给谁看啊. \u2028给我啊 我永远在你身边. \u2028我也在啊 我也在你身边啊. \u2028我们签个合约吧,忘了我 重新开始. \u2028我不要.<\/p>""}",2018-06-04 00:09:39,荔枝龙眼果,25,还行,0
聂小倩,特别喜欢王祖贤和张国荣这部倩女幽魂，虽然很早的电影了依然丰满，剧情和人设非常符合原著，那种浓浓的人鬼气息扑面而来，王祖贤把小倩演得灵活灵现，张国荣的书生演得憨厚老实，比起现在的电影虽然特效和画面场景差点，剧情和演技胜之而无不及，演员清新脱俗演技自然不浮夸，相比现在的演员那油腻的样子好太多。<\/p>\n      <\/div>\n\n      \n\n  \n\n  \n\n\n        ,2018-06-04 07:57:16,青衣,23,力荐,0
加油,为郑爽特意过来的，一直对郑爽是路人，看了郑爽发火的视频就喜欢上了这个敢爱敢恨的小姑娘，不公就大胆的说出来，你们无视我就让你们看到，郑爽一如她的名字般的直爽，最早认识她是古剑奇谭里的小狐狸，那时候就已经甜甜的很可爱，没想到这样一个看似柔弱的小姑娘能这么勇敢哈哈，我真的是非常支持了，郑爽加油吧。<\/p>\n      <\/div>\n\n      \n\n  \n\n  \n\n\n        ,2018-06-03 21:05:47,红装素裹,37,推荐,0
落寞――公主,过了多久猜不透的生活 倾盆大雨仍穿不透沈默\n我想是一种不具名的诅咒 枷锁 占满心头\n写一首落寞费尽所有感动\n怎麼要爱却要多虑疑难\n若脱离情感谁还愿纠缠 都是遗憾\n我 渴望你的笑容\n如果能够 请让我带著温柔学著洒脱\n走 换了诚实面容\n对白轻松 成长了以后 再假装寂寞没有发生\n过了多久猜不透的生活 倾盆大雨仍穿不透\n我想是一种不具名的诅咒 枷锁 占满心头<\/p>\n      <\/div>\n\n      \n\n  \n\n  \n\n\n    <\/div>\n\n    ,2018-06-04 10:09:36,小女子无以为报,21,还行,0
笑到腹痛, 笑点很多，反转也很不错，让我愉悦的看了一次喜剧电影！<\/p> 马克斯（杰森·贝特曼饰）和安妮（瑞秋·麦克亚当斯饰）夫妻俩每周都会参加一场属于伴侣的游戏夜，但自从马克斯的哥哥布鲁克斯（凯尔·钱德勒饰）加入后，游戏就越玩越大。布鲁克斯在筹划一次“谋杀”派对之后却遭到绑架。马克思、安妮都错误地以为这是他们之前约定好的犯罪游戏，但可怕的是，假戏恶化成了真实事件——布鲁克斯被真绑匪绑架了，他们已陷入了一场危险的困境。<\/p>\n      <\/div>\n\n      \n\n  \n\n  \n\n\n    <\/div>\n\n    ,2018-06-03 23:22:08,神婆阿七,30,推荐,0
励志的女王,战斗的民族果然名不虚传。在一部打着歌舞、爱情、励志标签的电影里，在女主还是个孩子的时候，便以一首歌点明了主题：要战斗，要成长，要成功。\n\n干脆利落的开宗明义，正像居住在茫茫冰原上的人们，骨子里带着伏特加的暴烈气息。然后，剩下的时间，只需要考虑如何把这个故事讲得好看就可以了。\n\n《花滑女王》没有让人失望，90分钟（原片长113分钟，目前还不知道被截掉了什么内容）看下来，无论是画面、演员、音乐，还是故事，都算好看。\n\n尤其是在赛场上，在冰面上，在炫丽的灯光和音乐之上，燕式旋转、托举、抛跳……单从审美的角度来说，花上滑冰这一运动就远胜过很多体育题材电影。\n\n更何况，悦目之后，便是赏心。\n\n竞技体育本就是充满斗志和力量、以胜利为目标的运动，故体育题材电影难免励志的套路，奋斗、逆袭必不可少。\n\n《花滑女王》的故事简单。娜佳，一个从小就立志做花滑运动员，却被严厉的教练认定没什么天赋的女孩，凭着妈妈的鼓励、自己的努力、爱人的协力，最终破茧成蝶。<\/p>\n      <\/div>\n\n      \n\n  \n\n  \n\n\n    <\/div>\n\n    ,2018-06-03 20:01:41,我还是个宝宝,34,推荐,0
挺无聊的,\n          这篇影评可能有剧透\n        <\/p>\n\n    \n  \n    \n\n     无聊的时候和朋友一起在网上看的，看完以后最大的感受是幸好当初没去电影院浪费票钱。<\/p> 对刘亦菲一直蛮有好感，觉得她真的特别好看。当时看剧照也觉得电影还算有意思。然后打开十分钟后我和朋友就想关掉了。很无聊，有很多地方都在可以营造笑点而显得非常尴尬。开始没多久一段刘亦菲追冯绍峰的戏，乱七八糟不知所云。后面郭京飞出现，刘亦菲的角色就开始显得非常智障。剑拔弩张的时刻，她过于神经大条的反映可以说是不合常理且非常尴尬。<\/p> 其实讲真全片刘亦菲的颜是真的赏心悦目，但是烂俗尴尬的剧情让我无法忍受。我很想拜托天仙，接一些有质量的本子吧，别浪费了颜值。<\/p>\n      <\/div>\n\n      \n\n  \n\n  \n\n\n        ,2018-06-04 01:46:09,做个好人,30,较差,0
儿女初长成，剧我觉得只是还行,满心欢喜的打开看，没想到失望了，毕竟上学期刚刚把家有儿女那几部重温了一遍，印象还算清晰，所以对于初长成还是有些失望。<\/p> 光开头那一段真的是看着很尴尬，而且一两集下来我并没有感觉有什么笑点，硬凑的笑点真的很尴尬啊！高亚麟老师胖了😛可能是张一山没有换人的事，刘星那种感觉还是没有变，但其他的人真的没太大印象，不过江南有时候的角度看起来还挺像杨紫的。<\/p> 原以为是原先的角色和故事安排，没想到是全新的人物名称，但是对这种家庭喜剧还是不能要求太高，就这样吧，还行。<\/p>\n      <\/div>\n\n      \n\n  \n\n  \n\n\n    <\/div>\n\n    ,2018-06-03 13:24:54,丫头,37,还行,2
世界上最辛苦的人！,\n          这篇剧评可能有剧透\n        <\/p>\n\n    \n  \n    \n\n     这剧情简直就是天下妈妈辛苦生活的写照，碰见个不管不顾的丈夫，毫无关心，甚至知道妻子的病无可救的时候，依旧让妻子做手术，于心何忍？就是为了让自己安心？还有那个婆婆，我的天，简直就是资本家剥削呀！累死累活地照顾还不好，为那个妈妈感到悲哀！还有自己不争气的弟弟，拿着姐姐的钱，又骂她，只有弟媳还会体谅她，如果真是这样辛苦的妈妈，还不如重生了！！！<\/p> 但生气归生气，依旧会为某些剧情泪目，比如，当妈妈面对着丈夫、儿子、女儿争吵的时候，依旧会担心自己死后婆婆的生活担忧，甚至于要带婆婆一起走，但是儿子的发现，结束了这样的事情，可是虽然她没有杀死婆婆，然后剧情也没显示，婆婆未来的生活还是会不知去向的吧！<\/p> 只能说妈妈真的很无私！爱你<\/p>\n      <\/div>\n\n      \n\n  \n\n  \n\n\n        ,2018-06-03 23:51:45,珺🌸,22,还行,0
《神雕侠侣》,非常喜欢神雕侠侣这部小说。金庸的射雕，神雕关联很大，衔接紧密，郭靖黄蓉，天下五绝，传真七子等射雕里的人物纷纷亮相，甚至沙通天彭连虎等配角的去向也在神雕里有了交代。窃以为整部小说有几条主线：\n一、情。世间的人离不开一个情字。那情为何物呢？为何能叫人生死相许？杨过与小龙女之情，是徒弟与师父的爱恋，为世间不能认同，小龙女的不食人间烟火不知情为何物，只知道喜欢就要在一起，杨过的痴与狂，邪与执，佛挡杀佛神挡杀神，绝情崖前后一纵跃，相隔十六载终成眷属；李莫愁与陆展元之情，是爱之深恨之切，因爱成恨，血洗陆家庄；瑛姑与老顽童之情，是糊涂的爱，为救老顽童出桃花岛居然练就五行阵法之术，四张机鸳鸯织就欲双飞，可怜未老发先白，只是老顽童却浑然不知只知躲避；郭襄之与杨过，三根金针三个愿望，一看面具下真容，难以忘怀；二参加生日宴会，结果三件大礼件件惊天地泣鬼神，致使郭襄情根深种，三是绝情崖上随杨过跳下深崖，只为求杨过勿轻生。郭襄之情是一往情深，与陆无双程瑛绿萼一样，都是一遇杨过误终生的代表。总之小说全文中贯穿情字，形形色色的有情之人，无情之人粉墨登场，共同演绎精彩绝伦又感人至深的爱情故事。\n二、侠。故事发生在南宋末年，蒙古入侵中原，郭靖黄蓉夫妇率武林群雄据守襄阳城抵御蒙古铁骑十数年，守卫南宋王朝关口，为南宋百姓尽心尽力，成为为国为民侠之大者的代表。江湖中可以称作侠客的多不胜数，但能称为大侠的，并且人人敬仰的人人佩服的就只有郭靖一人。金老首次在武侠小说中回答何为侠之大者，就是为国为民。抛开江湖中的恩怨，不计朝廷中的尔虞我诈，放弃桃花岛安逸生活，为国家抵御外地，为百姓守候平安，无怨无悔。杨过与小龙女分离16年期间，素有神雕大侠之称，且利用给郭襄祝寿机会做出了三件利国利民之事，且襄阳大战斩杀金轮，射杀蒙哥，虽成就伟业，但其性格偏激，凭喜好做事，终极没有郭靖为国为民的大格局。\n三、仇。杨过的父仇。杨过的父亲杨康，射雕中，死于黄蓉软猬甲上之前被欧阳锋沾染的剧毒，故事设计巧妙之处令人叹为观止。杨康为学欧阳锋绝学还是欧阳克，欧阳锋加害黄蓉导致软猬甲粘上欧阳锋的蛇毒，而杨康为杀黄蓉，掌击黄蓉，巧合地击中蛇毒处导致自己中毒而死，是天意报仇？射雕中，杨过为寻父亲死亡真像苦苦查询，得知郭靖黄蓉与父亲死亡有关后，为的得裘千尺情花解药赴襄阳杀郭靖，最终被郭靖侠义之心感动，反而在危难之际救了郭靖。十六年后在铁枪庙被老瞎子柯镇恶骂醒，方知己父生平认贼作父之过错，遂放弃仇恨。实际上，杨过对于父仇不是不可以继续报，但起码的民族观念，侠义之道是他与杨康的区别，放弃报仇也是民族大义和侠义精神使然。\n神雕侠侣的故事，是情为何物、侠为何物、仇为何物的有机结合，小龙女与杨过16年相会是情的结局；华山论剑郭靖被评为北侠，是下为何物的结局；铁枪庙中杨过幡然醒悟，放弃报仇，决心代父悔过，为仇为何物的结局。各条主线圆满收官，皆大欢喜！\n\n<\/p>\n      <\/div>\n\n      \n\n  \n\n  \n\n\n    <\/div>\n\n    ,2018-06-03 17:20:02,随遇而安,29,力荐,0
永远不要去试着考验人性,人与人间关系的脆弱，在《完美陌生人》中成为了构筑惊艳的脉络，电影透过一场看似亲密无间朋友间的聚会为展开，席间大家玩了一场公开自已电话和短信的游戏，手机也演变为了一把高悬的达摩克利斯之剑，而透过随着而来一系列的问题，直至最后的完全失控，电影表面上并没有血腥，却将爱的残酷展露无疑，人性深处的阴暗与复杂是电影最为有力的纵深，永远不要去试着考验人性，因为人性真的禁不起考验。 <\/p>\n      <\/div>\n\n      \n\n  \n\n  \n\n\n    <\/div>\n\n    ,2018-06-03 17:17:58,沙里晶,22,推荐,0
看得我好生气喔！,\n          这篇剧评可能有剧透\n        <\/p>\n\n    \n  \n    \n\n     这部剧真的是越看越生气！越看越生气！看得我在电视机前骂女主，骂编剧骂了n遍！<\/p> 首先这部戏讲的是女主北漂的逆袭之路？可是女主从一开始就有贵人相助，有着这样那样的机遇还有各种碰巧？<\/p> 先说女主发现老同学的心思搬出来后仅剩一块钱的她沦落到跟街头卖玉米的大叔讨价只买一半的玉米，其实大叔无奈卖女主一半玉米后自己心酸地把另一半玉米吃掉的这段情节真的描述得特别地入骨。<\/p> 只是，为什么，在女主忍着眼泪吃完那半根玉米后，为什么她居然还可以有一个朋友可以依靠？？？而且还是个善解人意心地善良对女主n好的朋友？？？不是每个人每一次走投无路是都会遇到贵人的！<\/p> 有些人到了走投无路的时候就真的露宿街头，饿着肚子，还得强撑第二天的上班。<\/p> 另外，既然她有一个这样的朋友，他为什么不一开始去找她？非得找个异性老同学？虽然女主对这种问题的迟钝后面老板叫拿烟的时候也有体现就是了。<\/p> 即使女主的成功有她的努力和能力在，但是，女主的几乎所有的机会都是依靠贵人的啊喂！从第一份工作开始！<\/p> 另外，女主一切顺遂还能接受，毕竟不遇到贵人又如何能在北京立足呢？<\/p> 但是但是！为什么女主明明从来北京的那一刻开始就一直在说不想过那种固定的，一眼能看到底的生活，一声不吭离开第二个男友的时候也是因为这点，可是却在被第三个总裁男友欺骗感情时又希望买房了，又希望过安定的生活了？<\/p> 最过分的是，后来居然找了个连第一次吃饭的148块钱都不愿意出的所谓文艺男友？这个就真的气死我了，什么渣男啊，女主在看自己的衣服非说不适合她，带她到男装店？还一点一点地引导着女主为他办了张卡？<\/p> 后来还因为自己的一点小脾气把事情闹大害女主失了客户后自己跑了，嘴里说着要去别的地方发展，转身就被女主装上勾搭上了个更有钱的富婆？<\/p> 就看到这里了，后面很生气就不想开VIP看了！<\/p> 总的来说，剧情跟铺垫还可以吧，就是很令人生气！<\/p>\n      <\/div>\n\n      \n\n  \n\n  \n\n\n        ,2018-06-03 14:57:47,吓死我的羊了,31,还行,0
蓝胖子想只要你开心就好,大多数的朋友应该和我一样选择在六一看这部电影，哆啦A梦机器猫，是我们童年的美好回忆。小时候， 我们都会守在电视机前，看中央一台播出的《机器猫》。羡慕哆啦A梦的小口袋里总有用不完的各种各样的宝贝。\n而大雄在困难的时候总会有哆啦A梦的陪伴。<\/p> 其实在这部电影中除了有可爱迷你的哆啦A梦，更让人深刻的是成长了的大雄。他也许不再是我们记忆里凡事需要帮助的小孩，而且选择了成长选择了承担的大男孩。<\/p> 但无论如何大雄静香蓝胖子等等他们依旧还是我们记忆中最初的配方，看着他们的成长，大家开心就好。<\/p>\n      <\/div>\n\n      \n\n  \n\n  \n\n\n    <\/div>\n\n    ,2018-06-03 03:38:06,七年,47,推荐,5
到底什么被湮灭了？,\n          这篇影评可能有剧透\n        <\/p>\n\n    \n  \n    \n\n     首先，本人文科生，但电影里出现的各种科学说明好像也能看懂，写这个长评完全为了吐槽。<\/p> 最纠结一个点，女主的老公为啥抛下她去执行这次任务，还提前一天出发都不给两人留下最后回忆的机会。到电影的最后，也没交代清楚究竟是为了个啥....<\/p> 然后她们几个女科学家进入未知区域的时候，居然，没带防毒氧气罩？都不知道里面能不能呼吸就那么进去了？确定不是去自杀么.....<\/p> 还有那个突然就人格崩坏了的妹子，我懂，这种故事肯定要有崩坏的人出现，但是就因为看了个之前队员拍的录像，就崩坏了，这也太快了，转变的太突兀太生硬了，有点儿接受不了....<\/p> 最后的大boss刀枪不入，居然就被一个燃烧弹给干掉了，之前女主老公自焚的时候墙壁都被烧黑了旁边的树根也没有反应，这次女主塞给大boss一样的燃烧弹就给一举捣毁了未知生物老巢，这个女主光环怕是比闪光还亮....<\/p> 还有既然回去的那个女主老公凯恩是复制品，他不是应该跟大boss一起消失么，为啥还活着？合理的脑洞可以，用解释不通的bug硬凹神秘开放结局就没意思了....<\/p> 总结，这电影看着太累了，比降临还累，降临好歹看完还能get到点儿讯息，这部片子看完就是一脸懵逼....<\/p>\n      <\/div>\n\n      \n\n  \n\n  \n\n\n        ,2018-06-04 14:34:51,RioSMZ,11,较差,0
失去爱情的比得,"曾以为老麦克死了，他的房子和菜园是自己的，生活可以无忧无虑。知道托马斯的出现一切都变了，托马斯更讨厌兔子想要丢进河里、想要炸死兔子们。但遇见了贝伊，托马斯喜欢上了贝伊，比得感觉自己失去了爱情。号召同胞把托马斯赶走，兔子们组建队伍进行强化训练。……<\/p> 托马斯被整得挺惨的哈哈哈哈，他们开始了对抗之路，尬起了舞、唱起了个，托马斯这是受到了重创啊！<\/p> 最后比得赢了，但他开心不起来 因为那也毁了贝伊的家。<\/p> <\/p>\n      <\/div>\n\n      \n\n  \n\n  \n\n\n         <\/p>""}",2018-06-03 11:30:38,艾玛,29,推荐,0
声之形,硝子因为石田从自卑走向自信，片中石田的救赎是最令人感动的片段。然画质上不及《君名》那么优美华丽，但整个故事框架是有内涵的，剪掉的部分莫名其妙，剧情安排也许不尽人意，这也是美中不足的地方吧，但是女主和妹妹声优真的用心。\n男主长相不太喜欢，男三笑脸太阴森，一部电影反应好多社会上的人和问题，结局还是很美好的，片尾曲超级好听！\n对于人与人之间拯救与自我救赎题材的文学作品，故事情节绵长却引人深思！你被孤立还是你孤立了自己？你放弃了自己，还是你被人所放弃，这部动画中除了一些情节节奏过快，但在情理之中外，还不错的。<\/p>\n      <\/div>\n\n      \n\n  \n\n  \n\n\n        ,2018-06-05 19:13:06,雪姨,5,推荐,0
没有伞的孩子要不停奔跑,"\n          这篇影评可能有剧透\n        <\/p>\n\n    \n  \n    \n\n     1997年伊朗儿童家庭剧情片，讲述一对兄妹与一双小鞋子的故事，一部写给成人的童话，唤醒人们对童年遥远的记忆，进而想到贫穷生活与单纯、天真、善良、快乐之间的关系。<\/p> 简单的故事，沉默的情感，美丽而清贫的童年，一个充满爱的家庭，即便有争吵有贫穷有眼泪，还是依旧美好。故事如片名一样可爱纯真。镜头并非唯美，却异常的朴实细腻，朴实到感觉镜头前的小演员根本没有在演，这就是他们的生活，生在伊朗社会底层家庭的生活。\n\n阿里去帮妹妹取送去修补的旧鞋子，回来路上，却不小心弄丢了，妹妹哭了，哥哥也内疚到哭泣。这是妹妹仅有的一双鞋，明天怎么去上学呢，为了不挨骂，哥哥恳求妹妹先不要告诉父母。这段镜头，简直不能更棒，有点怨气却彼此保护着，哭也不敢出声。阿里和妹妹的懂事坚韧善良，为了不给父母增添烦恼在困难面前相互体谅互相支持很暖心，好想抱抱这两个可怜的孩子。<\/p> 影片里很多是现状，导演并没有用以小见大的叙事手法来反讽社会，阶级，贫富差距的问题。电影的叙事风格平静温和，没有一点点的刻意，没有过分渲染底层百姓不堪，反而着眼在这对兄妹之间的小互动，整个剧情围绕在一双鞋上。没有太多的对白，只是流转在两个孩子之间的细腻镜头你会发现最有力的感动，其实都是无声的。\n\n 电影里看到的既不是肤浅的励志、或廉价的同情。看到的是闪烁着生命最初的光芒、朴素又美好的力量。影片结尾兄妹俩在池边的默然相视，传递着一股清澈明净的禅意，一切花哨的电影技法在这里都羞于出现。 <\/p> (有借鉴)\n<\/p>\n      <\/div>\n\n      \n\n  \n\n  \n\n\n    <\/div>\n\n     简单的故事，沉默的情感，美丽而清贫的童年，一个充满爱的家庭，即便有争吵有贫穷有眼泪，还是依旧美好。故事如片名一样可爱纯真。镜头并非唯美，却异常的朴实细腻，朴实到感觉镜头前的小演员根本没有在演，这就是他们的生活，生在伊朗社会底层家庭的生活。\n\n阿里去帮妹妹取送去修补的旧鞋子，回来路上，却不小心弄丢了，妹妹哭了，哥哥也内疚到哭泣。这是妹妹仅有的一双鞋，明天怎么去上学呢，为了不挨骂，哥哥恳求妹妹先不要告诉父母。这段镜头，简直不能更棒，有点怨气却彼此保护着，哭也不敢出声。阿里和妹妹的懂事坚韧善良，为了不给父母增添烦恼在困难面前相互体谅互相支持很暖心，好想抱抱这两个可怜的孩子。<\/p> 影片里很多是现状，导演并没有用以小见大的叙事手法来反讽社会，阶级，贫富差距的问题。电影的叙事风格平静温和，没有一点点的刻意，没有过分渲染底层百姓不堪，反而着眼在这对兄妹之间的小互动，整个剧情围绕在一双鞋上。没有太多的对白，只是流转在两个孩子之间的细腻镜头你会发现最有力的感动，其实都是无声的。\n\n 电影里看到的既不是肤浅的励志、或廉价的同情。看到的是闪烁着生命最初的光芒、朴素又美好的力量。影片结尾兄妹俩在池边的默然相视，传递着一股清澈明净的禅意，一切花哨的电影技法在这里都羞于出现。 <\/p> (有借鉴)\n<\/p>""}",2018-06-02 15:27:07,天山黑姥姥,43,力荐,1
经典回味,道明寺的霸道、温柔、专一、幼稚，都演得好入骨，尤其是他的每次伤心，无论是肢体、表情还是眼神，甚至一个孤单的背影，都让人好心疼。类的体贴、温柔、隐忍和不动声色中的理性和智慧，以及迷死人的或忧伤或孤寂的眼神，让人疼惜又无从安慰。当年看，只为颜值和情节入迷，如今再看，除了依然养眼的帅气，更发现他们丝丝入扣的演技，让人觉得根本不是在演，根本就是人戏完美合一啊！还有四个大男孩的友情，不同阶层的人不同的苦恼，一段感情要经历的磕磕绊绊、分分合合，一个人的内在成长需要经受的种种磨难。一起的一切，都如此打动人心、耐人寻味。<\/p>\n      <\/div>\n\n      \n\n  \n\n  \n\n\n    <\/div>\n\n    ,2018-06-05 06:03:52,雪里花蕾,6,力荐,0
后来的我们,觉得演员拯救了电影本身，最起码对我来说\n\n我能说我全然觉得演员救了这片子吗？\n\n先说男女主角，两个人物都不讨人喜欢\n女的一开始的爱情观竟然是找个北京人就能嫁了，因为留在家乡她一眼就能看到未来，北京带给她看到更大世界的可能性，那说白了就是把嫁人当跳板，利用婚姻的心态，那对她所交往过的北京人们，公平吗？\n幸好，井柏然自带的干净清爽气质，救了这个角色，甚至让人觉得有几分可怜\n周冬雨的鬼马精灵，让这个一开始打算利用女性优势换取命运转机的投机女，也没那么婊\n\n但凡换两个稍带油腻气质的演员来，这两个人物分分钟讨人厌\n\n再说田壮壮，一个字，好\n让人想到无数个深爱子女却吝于表达的中国式中老年人\n\n而真正动人的情感，一定是克制的\n\n<\/p>\n      <\/div>\n\n      \n\n  \n\n  \n\n\n    <\/div>\n\n    ,2018-06-02 12:10:11,雨洛,36,较差,0
终于出现了一档完全自己创作的综艺节目,\n          这篇剧评可能有剧透\n        <\/p>\n\n    \n  \n    \n\n     《国家宝藏》广受欢迎，背后的原因值得深思。文化传承不能守旧僵化，更不能拒绝创新。只有用当下的社会语言讲出来、用当下年轻人能接受的方式传播出来，才能赋予其时代魅力。只要选对了表现方式，厚重的文化之美在这个快速迭代的时代同样能赢得公众的追捧。“很多人说华夏民族没有信仰，其实我们信仰就是自己的文字和历史，如果连自己的信仰都糊涂，那我们何以为人呢？”梁家辉的这番话深深感染了现场的每一个人，也感动了电视机前的每一位观众。<\/p> 借鉴，不妥私信删<\/p>\n      <\/div>\n\n      \n\n  \n\n  \n\n\n    <\/div>\n\n    ,2018-06-02 09:08:44,花吖,42,力荐,0
一个都不能少,张艺谋说：“《一个都不能少》是一部从内容到形式都很平实、传统、司空见惯甚至非常老套的电影，这恰巧是我们的一个目的：在司空见惯中拍出一份真切和力量来。我们拍电影的人，在今天电影市场的需求下，当然要把电影拍得好看。所以，我们的另一个目的就是：电影除了好看以外，还能告诉大家什么，让大家想什么，关心什么，爱什么……因为我坚信，观众的口味并不如我们所设想的那样单一和肤浅。”\n\n《一个都不能少》纪录片式的风格统御了整部影片的美学，非职业演员、纪实性的拍摄手法、贫困的山村小学，这里面追求一种真实感。不管这种真实感有没有做到，但在某种程度上还是感染了很多人。同时因为该影片与政策相符合，国家版权局为影片《一个都不能少》下发了版权保护通知，这是我国第一次对国产影片的版权实行如此正式的保护。但影片里人物在陌生环境--城市的遭遇，成为影片在威尼斯获得金狮奖的重要原因。当然也因为影片中所有的困难都是被电视台台长的怜悯所解决，遭到众多国内影评人的批评。<\/p>\n      <\/div>\n\n      \n\n  \n\n  \n\n\n    <\/div>\n\n    ,2018-06-02 07:29:35,A班江直树,42,推荐,0
前世今生  只想和你一起,不知道看《我为宫狂》看了多少遍了，每次看都有相同的感觉就是，剧情好像有忘了，每次都是新的感觉。第二部分为三个阶段，古代，现代的第一个阶段，第二个阶段。古代的宫浩，在出生的时候母亲阴差阳错被奸人所害，从皇宫秘密的逃出来。因为皇后救过狐后，所以狐后想要借此机会报恩，让小璃找到皇子，让他顺利的回宫，这样宫浩就这样阴差阳错的成了皇位的唯一继承人，他父亲死后，又阴差阳错的成为了皇帝，因为奸人想斩草除根，所以宫浩就被毒死了，后来小璃因为救他，把自己的回元丹给了他，自己没有了生育能力。因为有了小璃和唐诗诗的对比，又纳了唐诗诗为妃，这样唐诗诗陷害小璃，她才在人间露出了原形，动用了法力，所以受了千年冰封的苦难，就这样来到了现代，同样的剧情在宫浩身上再次发生，和小璃结婚，被唐诗诗抢走。因为小璃的不修边幅，所以宫浩厌倦了他，其实宫浩本身是爱她的。第三个阶段就很好了，小璃终于做回了自己，结尾的时候，留下了一个悬念，到底是选了谁呢<\/p>\n      <\/div>\n\n      \n\n  \n\n  \n\n\n        ,2018-06-02 14:49:54,朝暮,30,还行,1
剧情与结构上弱了一些,\n          这篇影评可能有剧透\n        <\/p>\n\n    \n  \n    \n\n     　《古墓丽影：源起之战》的剧本不太好，没有连贯地讲好一个故事。有些时候，角色们做出的选择除了让他们进入到下一场戏，没有任何其他的作用。这部电影关于遗产与亲情的主题完全被神秘邪恶的组织Trinity所压制，可这个组织到头来也没露出过真面目。\n　《古墓丽影：源起之战》在剧情与结构上确实弱了一些，但影片精彩的动作戏和演员出色的演绎还是多少弥补了一些缺陷的。<\/p>\n      <\/div>\n\n      \n\n  \n\n  \n\n\n        ,2018-06-02 19:24:27,敏莉Lily,28,还行,0
童年记忆,\n          这篇影评可能有剧透\n        <\/p>\n\n    \n  \n    \n\n     炎炎夏日，出木杉君向朋友们讲述了《金银岛》的故事。大雄（大原惠美 配音）兴致盎然，又在胖虎（木村昴 配音）、小夫（关智一 配音）以及静香（嘉数由美 配音）面前吹嘘要找到海盗的宝藏。当然，最终他还是要依赖忠实的好朋友哆啦A梦（水田山葵 配音）。哆啦A梦拿出了秘密道具“金银岛地图”，大雄则极其巧合地在太平洋中心找到了一座藏有金银财宝的新的岛屿。在此之后，好伙伴们扬帆远航，一路朝着太平洋中心前行。当最初的快乐刺激过后，一群神秘海盗将众人拦了下来。经过一番混战，静香还被对方当成另外一个女孩抢走。与此同时，大雄等人则救下了来自那座岛屿的男孩弗洛克（山下大辉 配音）。 为了救回静香，他们追踪着海盗的踪迹，穿越茫茫大海……［不妥请删］<\/p>\n      <\/div>\n\n      \n\n  \n\n  \n\n\n    <\/div>\n\n    ,2018-06-03 08:40:01,天上一只猫,15,推荐,0
你们是否曾为人父母，何来如此歹毒之心？,\n          这篇影评可能有剧透\n        <\/p>\n\n    \n  \n    \n\n     今天想写一部堪称经典的国产片，没有韩国片那么催泪虐心，却也不亚于任何一部亲情电影。黄渤绝对称得上亿万影帝，眼神里的戏透着股子散发出来，原来对一个人的喜欢真的可以无关外貌，如此双商和演技，怪不得志玲姐姐也赞美有佳啊！\n\n爸爸的视角，孩子丢了，天塌了呀。本就不富裕的爸爸，可谓是历尽千难万险，各种各样的只要能接触到孩子的方式他都愿意试，重金悬赏儿子的下落，那是一种近乎悬崖边生存的力量！不论对方有多假，他都愿意去看一看，被骗了也无所谓，骨肉血的情深过任何。其实最触心的还是他和儿子在火车窗的擦肩而过，儿子，爸爸和你就差一眼，怪爸爸啊！\n\n妈妈的视角，十月怀胎的骨肉，而且是因为自己没有看后视镜导致了儿子的拐卖，愧疚，爱意，歉意满满充斥在心里，尽管旁人没有一个怪罪，可这种窝心窝子的痛又有几个人能理解啊！他跟爸爸不一样的，虽然有新的老公（尽管最后还是为了孩子走到了离婚这一部），她甚至全然不能接受自己再生育。\n\n无奈之下两人一同参加活动，那么多丢了孩子的爸爸妈妈啊，每一个人都有着我和你今生再无法相见的痛苦。有一段生吃猴脑的戏，我们都觉得残忍至极，而爸爸却那么坦然，他变了啊。\n不是每一对父母都有主角光环，可以找到孩子，他们大多人的命运就是无法相见了啊！\n\n其实赵薇也是一个命苦的角色，说实话，他没做错过什么，辛辛苦苦一个人抚养两个孩子长大，后来坐牢，和孩子今生分离。出狱的他倾尽所有去城市找孩子，黑心律师，旁人有色眼镜。难道不能让他和花儿在一起生活吗？总好过花儿成为孤儿吧？\n\n最后对人贩子说一句话，好人不一定有好报，但我希望坏人都可以早死。<\/p>\n      <\/div>\n\n      \n\n  \n\n  \n\n\n        ,2018-06-02 07:09:15,粥小妹,43,力荐,0
挺搞笑的,  去年刚出的时候马上就和朋友去看了，影院里氛围非常好，笑点还算密集，基本几分钟就会有人笑，作为一部喜剧片已经是成功一半儿了。那令一半是什么呢？ 我觉得就是当人们走出影院后还能深深记住而不止是一笑而过的点。就说那位有一头乌黑亮丽飘逸秀发的秀念吧，关于他的镜头虽然不多，但实在是太有意思了，令我印象非常深刻。在这里不多剧透，只想对秀念说一句“愿天堂没有大卡车。”<\/p>   还有片子两位男女主角，虽然性别交换这个情节设置已不再新鲜，但两位的演技还是很添彩的，也算是大部分笑点的主要来源吧。片中的还有一大亮点是沈腾 也不知为什么，有时候就光看着他的脸就有想笑的冲动，也是不得不佩服。<\/p>   其实要演好喜剧真的挺难的，我觉得作为观众也不必太过苛刻，不就是想图个乐来放松一下心情吗？我认为，作为一部喜剧片，这部《羞羞的铁拳》已经非常不错了，推荐。<\/p>\n      <\/div>\n\n      \n\n  \n\n  \n\n\n    <\/div>\n\n    ,2018-06-02 23:39:37,明眸,24,推荐,0
人性的披露,        电影支线很多，看似毫无逻辑，实际上脉络确实很清晰，剧本真的很不错。<\/p>         电影对人性善恶天平的把控尤其出色，从开场就出现了人物在一念之间的犹豫和焦灼，心魔乱舞，几经挣扎。尤其是在父亲身上，他的内心波动可谓是大起大落，精彩异常。那个突然插入的梦境，给我印象极其深刻。<\/p>         影片一直都在揭露人性最不堪的一面，尤其结尾更加讽刺。影片有很多细节都很耐人寻味，比如当村长帮助儿子掩盖犯罪事实以后，回到家中将挂着象征自己荣誉的那些奖章收起来的时候，这个一辈子都在为村子奉献的村长其实已然随着那夜的大火消失的无影无踪。儿子在棺材那里看到父亲之后心中一切都昭然若揭，更为讽刺的是最后黄欢将村长最大的那块勋章埋藏地下，影片到最后一刻都在不遗余力的讽刺人性。<\/p>         也许是因为成本限制，电影质感并不突出，演员表演过于平淡，不能抓人眼球。但好在够大胆，内容充实，故事结构精妙。也值得鼓励和肯定。<\/p>\n      <\/div>\n\n      \n\n  \n\n  \n\n\n    <\/div>\n\n    ,2018-06-03 13:50:50,草莓味的可乐,12,推荐,0
不要随便试探人性,\n          这篇影评可能有剧透\n        <\/p>\n\n    \n  \n    \n\n     在看完这部电影的时候，我感叹人性的可怕和人与人关系的脆弱，但更让我记忆犹新的，还是罗科对妻女的爱，和佩普令人动容的义无反顾。\n\n为什么要去试探人性呢？发现问题解决问题才是最重要的，谁的家庭没有个绕不过去的死结，别非得把它解开，有时候给对方留一些余地，才是最好的处理办法。<\/p> 在影片的最后，佩普跳着迎接自己的男友，我感受到了爱的力量。这个冰冷的世界只要还存在着爱，就不那么荒凉。<\/p>\n      <\/div>\n\n      \n\n  \n\n  \n\n\n    <\/div>\n\n    ,2018-06-05 17:50:31,世界尽头,5,推荐,0
正义或许不会迟到,这部韩剧我是在它火了很久以后才看的，不得不说它给我带来了很多的感触。<\/p> 首先，是让我充分认识到了社会舆论的威力。男主的父亲作为一名消防员队长，在一次火灾后下落不明，而其余消防员全部牺牲，记者接受贿赂，为掩盖事件真相，将脏水泼向男主的父亲。母亲在舆论的逼迫下带着自己的儿子投海自杀。男主虽然侥幸被救下，可这就像一个打不开的死结缠绕在男主心中。<\/p> 在看的时候，我还是被震撼到了。我深深的感受到了舆论对于民众的影响以及舆论的威力。作为一个记者倘若不能如实的报道事件就可能给社会造成极大的危害。<\/p> 其次，带给我思考的是，最后男主的父亲得以恢复名誉，事件的真相得以还原。这就佐证了，正义也许会迟到却并未缺席。可电视剧毕竟理想化的，在现实社会中，这样的正义会到来吗？也会看见一些被误判为强奸犯的人放出来得到了金钱上的补偿，可是，他真正失去的又怎么能用金钱衡量呢？<\/p> 这部剧一度使我有考新闻专业的念头，做一个足够正义的记者，帮助民众剥开迷雾而不是在他们眼前撒上一层灰。虽然最终我没有读新闻专业，但是这也鞭策我做一个正义的人。<\/p>\n      <\/div>\n\n      \n\n  \n\n  \n\n\n        ,2018-06-03 21:33:05,007,15,推荐,0
我的少女时代,我不是沈佳宜，不是林真心，也不是小水，我想更多的是像我这样的女生，少女时代时既没有女神级别的美貌，也不是丑小鸭，既没有很好的成绩，也不是太差。一切都很普通。普通到丢在人堆里就再也找不出来。但我们也曾满怀欣喜地喜欢过那个男生。学生时代最喜欢的大概就是周一的升旗仪式了还有课间操了，因为也只有在这种时候可以看他看个够。无论隔了多少个班级，多少人海，目光却总是能穿过重重人山人海，快速准确地定位到对方。周围都是人群，似乎这样的小心思掩藏在人海里更安全似的。我熟悉他的背影，知道他的很多事情。但跟很多很多人一样，我也没胆子去追。（真的想说一句，重点班和平行班的分班方法去死）。然后看着他有了自己喜欢的人，然后自己怄到死也只能默默吞了。因为我不是林真心，我也没有一个校痞来跟我结成同盟。后来看《初恋这件小事》，戳到我的是小水在泳池边跟学长告白，被拒绝后掉进水池，还要默默比手势告诉别人自己还好。每个男生心里都有个沈佳宜，每个女孩都曾是小水，或者曾是林真心，但电影的结局太过玛丽苏，而现实中谁也没有主角光环加持，结局只会停留在毕业后各奔前程，从此天涯陌路。世界上有无数个余周周，却没有一个林杨。多得是写“洛枳喜欢盛淮南，谁也不知道”的洛枳，却没有一个写“盛淮南喜欢洛枳，全世界都知道”的盛淮南。有那么多耿耿，却没有谁是余淮。我们谁也不是女主，谁都没有主角光环加持，没办法一努力就能考出好成绩，一打扮就变身白富美，一告白对方就心动，没办法在喜欢一个人时让对方也喜欢自己。没办法，真的没办法。即使不是学生时代也没办法。我们还是就这样走过来了。在一个尴尬的年纪，看着尚且年轻的人们在大银幕上演绎着暗恋与追求，也看着振华三部曲里的一对对最后终成眷属。而自己当初喜欢的那个人早就不喜欢了，那些暗恋不得的心情跟后来人生中受到的别人给的更大的伤害比起来，似乎不值一提。似此星辰非昨夜，为谁风露立中宵。最后，女生的心思你们懂了吗？女生说“没关系”就是“有关系”，说“我没事”就是“我有事”啊。当一个女孩不理你，不是她讨厌你，而是她在乎你，非常非常在乎你。<\/p> 转自知乎 侵删<\/p>\n      <\/div>\n\n      \n\n  \n\n  \n\n\n    <\/div>\n\n    ,2018-06-02 23:44:00,Follow JCLL,20,力荐,0
哆啦A梦,唯一搞不懂的是船长是抽走了一座火山的地热能源还是全地球的地热。 \n实际上支持一艘宇宙船进行宇宙航行，根本不需要全地球的能源，宇宙中也可以补充能源，比如月球就是补充 氢原子同位素的地方，直接造聚变反应堆就是了。\n火星也有大量的可燃气体。 感觉为了刻意突出家庭亲情，在能源这一块没动脑子。（虽然对孩子们来说，这种并不重要。）有借鉴<\/p>\n      <\/div>\n\n      \n\n  \n\n  \n\n\n    <\/div>\n\n    ,2018-06-01 20:09:31,萧恭竹子,41,推荐,0
记郑儿,在为兰陵王选妃大会上，因气质脱俗而脱颖而出，但是兰陵王为了雪舞而拒绝自己。因与胡皇后、祖珽陷害兰陵王而被流放为奴，为了再见兰陵王一面，假染瘟疫，后被兰陵王发现在滂沱大雨中。郑儿的再次出现，就是为了得到兰陵王的心。当郑儿随兰陵王剿匪时，为了陷害雪舞，与马贼勾结并假装受辱。在兰陵王怀疑郑儿后，并射下圈套当中揭穿她。高长恭无法原谅她，将她一人丢下。落单的她被经过的猎人羞辱，在决定自杀时，高纬出现把她救起。高纬真的好悲剧，他对郑儿是真爱。\n因自己是流犯身份，只能被藏入宫中。心有不甘的她，决定冒充好姐妹冯小怜身份生存，她将好友冯小怜用毒酒毒死，从此化身宫女冯小怜，开始了一系列的复仇。演员毛林林把这个角色演绎得很成功，郑儿有可怜之处，也有可恨之处，前后期反差很大，让我印象深刻。<\/p>\n      <\/div>\n\n      \n\n  \n\n  \n\n\n        ,2018-06-01 22:00:57,赴灵山,40,推荐,0
不至于那么差,宠物和恐龙联系起来本身就是一个充满幻想的旅程，而且这里面恐龙的造型相当萌趣，尤其是一次又一次的成长蜕变，着实讨人喜爱，虽然与我们理解中的恐龙并没有什么相似之处，但是胜在有趣。\n看完之后想起了那个迷恋世界未解之谜的自己，哈哈哈\n不过说实在的此片大概比较适合小孩子看。\n恐龙的生态系统可以深挖一下，构成一个颇有新意的体系。其他的实在是力有不逮。哪一点都没讲到位。<\/p>\n      <\/div>\n\n      \n\n  \n\n  \n\n\n    <\/div>\n\n    ,2018-06-01 19:17:09,SKY123,46,还行,0
两个闺蜜从小关系就很好，但是在结婚方面有着一点明争暗斗的意思,电影主要讲述居住在曼哈顿的莉芙和艾玛是一对情同手足、从小一起长大的好姐妹。但在准备结婚婚礼时，好友互不相让，由此也展开一场激烈且妙趣横生的新娘大作战。居住在曼哈顿的莉芙和艾玛是一对情同手足、从小一起长大的好姐妹。童年的某天，两人在第五大道的假日大酒店目睹了一场梦幻般的婚礼，从此，在这里举行婚礼的梦想便在她们各自的心中扎下了根。转眼二十多年过去，莉芙成为一名小有成就的律师，艾玛则在一所学校任教，两人也各自收获了美满的爱情。婚期在即，两个女孩子为了婚礼奔波劳碌，并相约担任对方的伴娘。然而令她们想不到的是，两人不仅都以假日大酒店为典礼举办地，而且还请了同一个司仪，更要命的是她们的婚礼都在同一天。这就意味着将有一方做出让步。为了童年的梦想，两个好友互不相让，由此也展开一场激烈且妙趣横生的新娘大作战 。<\/p> 看这个是因为之前国产了一个新娘大作战。然后我看了下介绍跟这个差不多。不知道是不是翻拍的这部电影。但是我觉得这部电影还是挺不错的。两个闺蜜从小关系就很好，但是在结婚方面有着一点明争暗斗的意思。最后的结局也很可喜，当然两个闺蜜又和好了。<\/p>\n      <\/div>\n\n      \n\n  \n\n  \n\n\n    <\/div>\n\n    ,2018-06-01 20:33:30,默少,38,还行,0
钟情于香妃,蒙古女子香妃，她被迫离开自己心爱的人嫁入皇宫，但是她的初心从没有变过。我喜欢香妃，我喜欢她的忠贞专情，我喜欢香妃，我喜欢她的恬静自然，我喜欢香妃，我喜欢她的清丽脱俗，我喜欢香妃，我喜欢她的温柔可爱，我喜欢香妃，我喜欢她的柔情似水，我喜欢香妃，我喜欢她的美丽动人。她是最美的香妃，她如春风拂面，芳香怡人，她是广大粉丝永远的香妃。<\/p>\n      <\/div>\n\n      \n\n  \n\n  \n\n\n        ,2018-06-01 21:29:46,妖妖灵,39,还行,0
差距太大,"这部电影略偏向儿童片，经不起推敲，没有什么逻辑可寻，星爷的电影其实很多都是夸张无厘头的搞笑，但是这部夸张是有但是搞笑没感觉出来，搞笑的点也不是很理解，有点牵强，还有点不伦不类，不知道该说是喜剧片还是科幻片还是父子情电影，感觉不到星爷该有的水准，和《功夫》对比后简直查太多了。还有就是七仔的存在感觉可有可无，感觉不到这个角色存在的必要。<\/p>\n      <\/div>\n\n      \n\n  \n\n  \n\n\n         这部电影略偏向儿童片，经不起推敲，没有什么逻辑可寻，星爷的电影其实很多都是夸张无厘头的搞笑，但是这部夸张是有但是搞笑没感觉出来，搞笑的点也不是很理解，有点牵强，还有点不伦不类，不知道该说是喜剧片还是科幻片还是父子情电影，感觉不到星爷该有的水准，和《功夫》对比后简直查太多了。还有就是七仔的存在感觉可有可无，感觉不到这个角色存在的必要。<\/p>""}",2018-06-01 10:41:50,花怜要开车,48,还行,1
郑爽“发火”,\n          这篇剧评可能有剧透\n        <\/p>\n\n    \n  \n    \n\n     郑爽发火是情有可原的，是根本就没错。10秒真的读了22秒。这些时间对一台铁甲就是毁灭性的伤害啊！ 她质疑裁判读的慢，只是为了保护铁甲，那不仅仅是会动的铁块，更是选手的心血。对选手来说，铁甲不是玩具，是时间和汗水堆砌起来的宝贝。郑爽：“有人听见我说话吗？” 能不能尊重一下我？”“读秒慢了怎么读秒的啊？”郑爽说了好几遍，节目组不管不顾 ，连个回应都没有然后才发火的。看到有人说小爽发火没了形象，没有谁真正发火生气是好看的，如果生气表情还能好看的话那估计是装出来吧？挺心疼小爽的，无助才竭尽全力的呐喊， 却不被理解。她只是做了一件应该做的事情，展现了最真实的自己难道有错吗？为真实的你点赞，为真实的你发声，为真实的你愤不平！也许这一刻才能真正的发现她身上的闪光点，真实，不做作，难能可贵！<\/p> 部分借鉴 不妥删<\/p>\n      <\/div>\n\n      \n\n  \n\n  \n\n\n    <\/div>\n\n    ,2018-06-01 19:23:48,彩云追月,56,较差,0
看完有点想吃巧克力,在一个寒冷的冬天，一座世界上最大、最神秘的巧克力工厂的主人－－威利'王卡，发布了这样一则消息：在运往世界各地的巧克力中，有五块里藏着金卷，谁能得到金卷，便能参观整座工厂，还可以得到永远吃不完的糖果。贫穷的查理因为幸运之神的光顾从而得到了金卷，并因为自己的良好品质、习惯，最终接管了这家工厂。在这天马行空的想像力中，不但流露出了家人彼此之间的关爱，还暗暗隐藏着一份成功的秘决。\n我还记得，在威利`王卡发布消息时，查理很兴奋，盼望着自己能够成为那个幸运儿。可他深知，自己的家里并不富裕，所以并没有像其它的孩子那样，提出过多的要求。当时我就被查理异于常人的懂事给震撼了。直到后来，查理父母替查理提前过了一个生日，并给了他一块威利'王卡的巧克力，全家人都盯着那块巧克力，希望里面有一张金卷。查理小心翼翼地打开，可里面除了巧克力却什么也没有。 查理难过极了，失落极了。但面对着家人关杯的目光和话语，他却强忍着心中的失望，嘴角挤出一丝难过的微笑，并把巧克力一块一块分给了全家人。如此的善良懂事，如此浓厚的亲情，让我为之震憾，为之敬佩。这虽是电影，但也给了我强烈启发：没有什么比亲情更难能可贵，亲情是无法代替的。\n而当查理发现金卷后，简直是欣喜若狂，但他却理智地说：“有一位太太愿意花五百美元买这张金卷，就一定会有人出更高的价格，我们需要的是钱，而不是金卷。”从这句话中，我看出了查理对家人的热爱，对家的无私奉献，他不顾一已之私，只希望家人的生活有所改善，这般地懂事，实在令我钦佩不已。\n当巧克力工厂的门缓缓打开，五个孩子慢慢开始了这场刺激、匪夷所思的游览。眼前飞流直下的巧克力瀑布、川流不息的巧克力大河、栩栩如生的巧克力蘑菇、郁郁葱葱的巧克力草坪、以及聪明可爱的哥伦比亚人。使除了查理的四个孩子失去了自制，在这个不可思议却充满神奇的空间里，过度张扬自已的个性，从而导致了各种恶果。暴饮暴食、不爱思考的奥古斯因为贪吃掉进了巧克力大河，只在意自已战利品的维奥莉特因为强烈的好奇心而变为了一只巨大的蓝莓；蛮横霸道的浮鲁卡因为任性而掉进了垃圾堆；自以为是、爱炫耀的迈克因为狂妄而成了信号微粒。这些失败者的普遍缺点就是不接受他人劝告，执意孤行。而导致这些坏习惯的，则是家长，他们一味的包容与默许，而放纵了孩子，却没有及时做出正确的引导。但查理却不同，一进工厂，他始终牵着爷爷的手。虽然，他也对这些新奇的事物很感兴趣，但没有威利 王卡的允许，他从来不轻触摸。\n忠言逆耳利于行。那四个孩子都不把威利 王卡所说的话放在心上。只有查理最遵守规则，这才取得王卡先生的信任。不光是电影，其实在生活中不遵守规则也会付出很惨痛的代价。就像上公车不排队，你一挤，我一挤，就很容易受伤，导致严重的后果。醉酒司机乱开车也是一样。他们在马路上乱撞，轻则车毁，重则人亡。如此血淋淋的代价，叫我们怎能不遵守规则。\n然而，当威利 王卡提出“要工厂就不能与家人同居”的条件时，他不假思索地拒绝了。查理面对如此大的诱惑，竟然还能不为所动。他让我明白，家永远是我们最温暖的港湾，最坚强的后盾。我们不能再做小皇帝或小公主了。我们应该珍惜这来之不易的幸福。对父母孝顺，有礼貌，好好报答他们。\n成功就是这么简单，只要你自律、虚心听取他人意见、懂事不张扬、不狂妄，就可以取得成功。<\/p>\n      <\/div>\n\n      \n\n  \n\n  \n\n\n    <\/div>\n\n    ,2018-06-01 23:29:54,Tail.,43,力荐,0
源于绘本，终于绘本,"\n          这篇影评可能有剧透\n        <\/p>\n\n    \n  \n    \n\n     没看过漫画，但认为电影很一般，甚至有点伪文艺的感觉，故事说的不是很圆。作为一部纯爱电影，它并没有突出中心，小杰和小美懵懂的，纯纯的爱我们都能感受到，这只是一个侧面，所以这明显不是一部纯爱片。拼图勾起了我儿时的回忆，莫奈，雷诺阿等印象派的作品，梵高的星空和向日葵也勾起曾经学习美术史的记忆。这部电影作为一部小清新很适合，那些关于爸妈离婚，爷爷的爱，恐怕也很容易就触动某个人的心灵，很容易有一种代入感在里面，包括青春期有些叛逆的我们，不小心就想起自己和班里""那位恶霸""的""打架""事件。整体看来，《星空》有些过于松散，缺乏张力，但有五月天动听的片尾曲和电影里可以用来当桌面背景的镜头以及小鲜肉那就足够了。<\/p>\n      <\/div>\n\n      \n\n  \n\n  \n\n\n    <\/div>\n\n    ",2018-06-01 18:02:13,苏沐染,39,推荐,1
朴素的风格，强烈的效果,"因为昆池岩，也顺带看了这部。<\/p> 有趣的是，这部风格真的很”朴素”，据说成本极低，画质跟细节都很…”朴素”，但整体来说，我觉得也拍得很不错，特别是当中的一些风俗民情，特别有趣，槽点不多，设定也蛮合理的，可惜的大概只有结尾走向，我只能说，唔，不是我期待的。<\/p> 这部也是走伪记录片风格，效果的确不错，特别是那条裂痕，更让人印象深刻，导演功力不错，值得推荐。<\/p>\n      <\/div>\n\n      \n\n  \n\n  \n\n\n         因为昆池岩，也顺带看了这部。<\/p> 有趣的是，这部风格真的很”朴素”，据说成本极低，画质跟细节都很…”朴素”，但整体来说，我觉得也拍得很不错，特别是当中的一些风俗民情，特别有趣，槽点不多，设定也蛮合理的，可惜的大概只有结尾走向，我只能说，唔，不是我期待的。<\/p> 这部也是走伪记录片风格，效果的确不错，特别是那条裂痕，更让人印象深刻，导演功力不错，值得推荐。<\/p>""}",2018-06-01 13:09:36,小狐狸,43,推荐,0
虎口脱险,\n          这篇影评可能有剧透\n        <\/p>\n\n    \n  \n    \n\n     电影频道，打开电视看电影。和爸爸妈妈一起。\n\n直到现在，电影频道都是我最喜欢的台。尤其是佳片有约，那些片子不见得是最时髦的，却都当得起经典二字。虎口脱险，每到过年的时候都要约一约，对我们家来说，这是最最可乐最最经典的贺岁片。\n\n经典场景很多啊，“鸳鸯茶，你和我。。。”“哦，我犯病了！”“撕拉~嗯~麦金托什，你上去！”“既然你说得这么诚恳，要和我换鞋，那么好吧。”“那是1914年，对。。。”“风又把他们吹回来啦！”三个人笑得在沙发上滚作一团，肩膀不是抖而是抽，双颧肌肉又酸又胀偏生还放不下来，“啊哈-哈--哈---哈----”的笑声震彻霄汉，打到客厅墙上还要弹几弹。终于，那架红色滑翔机五里一徘徊的到了中立国境内，字幕慢慢升上来，正好是晚饭点，电饭锅里的饭煮好了，砂锅里文火煲的汤也好了，三个人红光满面，眼神清亮，施施然走进饭厅。\n年年看，年年笑。电影频道，佳片有约，老百姓最好的家庭影院。<\/p>\n      <\/div>\n\n      \n\n  \n\n  \n\n\n        ,2018-06-01 20:18:43,萌萌哒,35,还行,0
不太感冒,\n          这篇影评可能有剧透\n        <\/p>\n\n    \n  \n    \n\n     看评分高和之前微博营销的厉害就来看看了，首先女主的眼睛真的大的吓人，感觉时时刻刻都瞪着一样，在整个脸上显得比例十分不协调，特写镜头几乎不能看，一拉特写就怪异的吓人，一脸苦相，导演还贼喜欢拉近，看的我很难受，其次剧情也就是歌舞结合，一言不合就尬歌尬舞的那种，看了四十多分钟坚持不下去了，感觉没什么意思，可能不合我的口味吧<\/p>\n      <\/div>\n\n      \n\n  \n\n  \n\n\n        ,2018-06-02 21:39:07,曾有某位,16,还行,1
棒,\n          这篇影评可能有剧透\n        <\/p>\n\n    \n  \n    \n\n     《复联3》从头到尾都让我感到熟悉与陌生的感觉不断交叉，是对这些角色背景的熟悉与对这个故事走向的陌生，令人兴奋的是他们又要展开新的冒险，并且不断的用言语及行为来冲击你，这些冲击真的是在对漫威电影没有很熟悉的情况下无法体会到的，自然而然也少了许多乐趣。\n从一开始剧情就以空间跳跃的方式进行，各个地方的故事都各自进展，神奇的是这样的述事方式并不会让人觉得紊乱，反而每个故事线都吊着观众的胃口而其中还在缓缓前进，更多的是期待接下来又是哪位超级英雄人物要登场了，那么多人来分这两个半小时的片长，确实分到的是有些许不足，还是有种意犹未尽的感觉。\n侵删<\/p>\n      <\/div>\n\n      \n\n  \n\n  \n\n\n    <\/div>\n\n    ,2018-06-01 16:18:36,柚子茶,35,推荐,0
和平饭店,<\/p> 该剧讲述了1935年东北沦陷，在一家名为和平饭店的豪华酒店中，一群神秘客人展开长达10天生死博弈的故事。<\/p> 整部片子很精彩，是一部还不错的谍战剧哦⊙∀⊙！与其它一些谍战剧相比，剧情有一些不同，剧本很好。除此之外，演员演技完全在线。陈数真的是颜值与实力同在啊，很有气质，演起来很有风采。雷佳音也是实力派了，超级棒棒哒！<\/p>\n      <\/div>\n\n      \n\n  \n\n  \n\n\n    <\/div>\n\n    ,2018-06-04 22:35:20,用尽一切奔向你,7,推荐,0
绝对甜的大结局番外——《她从人群中走来》,"建议觉得大结局不够甜的观众朋友食用此文，食用须知：我可以单身，我站的CP一定要撒糖结婚。<\/p> 推荐会终于结束了，章远脸上面对人群的坚定笑容还没有卸下，身体早就缴械投降，沉默地靠在椅子上，像夏天一件随手搭在椅背上用来抵御空调冷气的薄外套。<\/p> 此时的章远需要一个角落和一根烟，可是他找不到，抽烟又实在不是一个精英人士应该做的事，正当“薄外套”还搭在椅子上的时候，章远突然听见一句熟悉的一句“章远”，看来真的是太累了，都出现幻听了，怎么可能，那个人怎么会出现在这里，“章远”，真怀念这奶声奶气，章远也任由自己沉在幻听中。这个声音反复出现，章远不得不抬头起看，只见一个穿着高跟鞋扎着丸子头的人， 黑发红唇，一瘸一拐地向章远走来。<\/p> 何洛不笑的时候真冷漠，睥睨众生的姿态，眼神里什么都没有，此时这个睥睨众生的主拐着脚走到章远身边，用手戳了戳他的脸，“我好想你”，章远脸上的笑先是凝固了一下然后哐地碎了，多年的思念和委屈一下子涌上了章远的心头。<\/p> 章远用手握住了何洛戳他的脸的手指头，眼睛红红地说“好巧，我也好想你”，何洛笑着抱住了这个小哭包，就像以往他难受时抱住他那样，章远原本就比何洛高一大截，何洛只能死命垫着脚，小肩膀用力托着章远的脑袋。章远这个哭包，刚刚还在推荐会上意气风发，运筹帷幄，一碰到何洛就变成了爱哭的撒娇boy。<\/p> “章远啊，西服是租来的，不如你皮实，你再哭，就退不了货了”。<\/p> 章远才不理她这种鬼话，把何洛抱得更紧了。何洛身上味道没有变，每次抱她都像是回家，回到一个自己应该属于的地方。离开家这么多年了，章远自然是不会松手，何洛不知道从哪儿掏出一个手机，说：“再哭，我就把你的哭照po在网上”。<\/p> 话音刚落，章远的眼泪和何洛手上的手机一起消失，章远说：“哭的太丑了，以后哭帅点，你再Po”，何洛没听清，把耳朵凑近章远，示意章远再说一遍，章远对着何洛的耳边说：“我说你今天真好看”，何洛的耳朵被章远说话呼出的气息搞得毛毛的，刚准备用手搓一下耳朵，耳朵就被飞快地亲了一下，何洛的脸一下就热起来了，故作镇定地说“衣冠禽兽”。<\/p> 何洛的手机突然响起来了，是冯萧打来的电话，章远突然变得手足无措起来，背过身的一瞬间，手却被何洛的手紧紧握住，听见何洛说：“冯萧，就像我说的那样，谢谢你”，章远瞬间又热泪盈眶，把身上的西装脱掉扔在一边，一把抱起来何洛，顺便拎起何洛的高跟鞋。他俩就这样穿过空旷的会场，章远像是疯了一样，一路狂奔，就像高中那次运动会一样，章远告诉自己：这一次竭尽全力，绝不放手。<\/p> 会场的室外是郊区，郊区有一片树林，今天晚上真好，郊区的晚上真好，有夜风和树林，还有他。即使过了这么多年，何洛遇见章远还是会动心，和章远重逢，即使表面再平静，内心早就溃不成军，她也没有办法劝自己和另外一个人安稳地过一生。<\/p> 在章远面前，何洛不需要装作温柔体贴，不需要抗拒自己本能反应去扮演女友的角色。何洛刚开始在美国那段时间一直做梦，梦见章远对自己伸出手，说：“何洛，我们回家吧”，梦见章远捂着自己的胃要何洛抱抱，可更多梦见的是他冷冰冰地一次又一次推开她说:”我们已经走散了”。<\/p> 章远把惊魂甫定的何洛放在自己的脚上，把头窝在何洛颈窝上，带着哭腔对何洛说：<\/p> “何洛，我们结婚吧”<\/p> 听到这句话时，何洛这些年心里的冰山雪川开始地动山摇，就算以后洪水滔天，她也不会放过章远了。<\/p> 十年了，真好，两个人的眼角眉梢已经爬上了一些风霜，可是两人眼里对彼此的感情依旧真诚和热烈。<\/p> 祝所有喜欢章远和何洛CP的朋友永远十八，永远貌美如花。<\/p>\n      <\/div>\n\n      \n\n  \n\n  \n\n\n         建议觉得大结局不够甜的观众朋友食用此文，食用须知：我可以单身，我站的CP一定要撒糖结婚。<\/p> 推荐会终于结束了，章远脸上面对人群的坚定笑容还没有卸下，身体早就缴械投降，沉默地靠在椅子上，像夏天一件随手搭在椅背上用来抵御空调冷气的薄外套。<\/p> 此时的章远需要一个角落和一根烟，可是他找不到，抽烟又实在不是一个精英人士应该做的事，正当“薄外套”还搭在椅子上的时候，章远突然听见一句熟悉的一句“章远”，看来真的是太累了，都出现幻听了，怎么可能，那个人怎么会出现在这里，“章远”，真怀念这奶声奶气，章远也任由自己沉在幻听中。这个声音反复出现，章远不得不抬头起看，只见一个穿着高跟鞋扎着丸子头的人， 黑发红唇，一瘸一拐地向章远走来。<\/p> 何洛不笑的时候真冷漠，睥睨众生的姿态，眼神里什么都没有，此时这个睥睨众生的主拐着脚走到章远身边，用手戳了戳他的脸，“我好想你”，章远脸上的笑先是凝固了一下然后哐地碎了，多年的思念和委屈一下子涌上了章远的心头。<\/p> 章远用手握住了何洛戳他的脸的手指头，眼睛红红地说“好巧，我也好想你”，何洛笑着抱住了这个小哭包，就像以往他难受时抱住他那样，章远原本就比何洛高一大截，何洛只能死命垫着脚，小肩膀用力托着章远的脑袋。章远这个哭包，刚刚还在推荐会上意气风发，运筹帷幄，一碰到何洛就变成了爱哭的撒娇boy。<\/p> “章远啊，西服是租来的，不如你皮实，你再哭，就退不了货了”。<\/p> 章远才不理她这种鬼话，把何洛抱得更紧了。何洛身上味道没有变，每次抱她都像是回家，回到一个自己应该属于的地方。离开家这么多年了，章远自然是不会松手，何洛不知道从哪儿掏出一个手机，说：“再哭，我就把你的哭照po在网上”。<\/p> 话音刚落，章远的眼泪和何洛手上的手机一起消失，章远说：“哭的太丑了，以后哭帅点，你再Po”，何洛没听清，把耳朵凑近章远，示意章远再说一遍，章远对着何洛的耳边说：“我说你今天真好看”，何洛的耳朵被章远说话呼出的气息搞得毛毛的，刚准备用手搓一下耳朵，耳朵就被飞快地亲了一下，何洛的脸一下就热起来了，故作镇定地说“衣冠禽兽”。<\/p> 何洛的手机突然响起来了，是冯萧打来的电话，章远突然变得手足无措起来，背过身的一瞬间，手却被何洛的手紧紧握住，听见何洛说：“冯萧，就像我说的那样，谢谢你”，章远瞬间又热泪盈眶，把身上的西装脱掉扔在一边，一把抱起来何洛，顺便拎起何洛的高跟鞋。他俩就这样穿过空旷的会场，章远像是疯了一样，一路狂奔，就像高中那次运动会一样，章远告诉自己：这一次竭尽全力，绝不放手。<\/p> 会场的室外是郊区，郊区有一片树林，今天晚上真好，郊区的晚上真好，有夜风和树林，还有他。即使过了这么多年，何洛遇见章远还是会动心，和章远重逢，即使表面再平静，内心早就溃不成军，她也没有办法劝自己和另外一个人安稳地过一生。<\/p> 在章远面前，何洛不需要装作温柔体贴，不需要抗拒自己本能反应去扮演女友的角色。何洛刚开始在美国那段时间一直做梦，梦见章远对自己伸出手，说：“何洛，我们回家吧”，梦见章远捂着自己的胃要何洛抱抱，可更多梦见的是他冷冰冰地一次又一次推开她说:”我们已经走散了”。<\/p> 章远把惊魂甫定的何洛放在自己的脚上，把头窝在何洛颈窝上，带着哭腔对何洛说：<\/p> “何洛，我们结婚吧”<\/p> 听到这句话时，何洛这些年心里的冰山雪川开始地动山摇，就算以后洪水滔天，她也不会放过章远了。<\/p> 十年了，真好，两个人的眼角眉梢已经爬上了一些风霜，可是两人眼里对彼此的感情依旧真诚和热烈。<\/p> 祝所有喜欢章远和何洛CP的朋友永远十八，永远貌美如花。<\/p>""}",2018-06-04 17:10:33,Wendy,176,力荐,0
一本正经推理的“狗头侦探”,\n          这篇剧评可能有剧透\n        <\/p>\n\n    \n  \n    \n\n     其实我是从第三季倒着看回来的，因此看到第一季的场景布置，还真的有点想吐槽，实在是太简陋了。<\/p> 不过故事还是很有趣的，而各个嘉宾也很有趣，各有各的特点。<\/p> 撒侦探的特点就是一本正经的推理，然后抓错凶手。特别是第一期的时候，撒侦探一本正经的推理，说得何痴心不是凶手都很难。结果，人还真不是凶手，反而是他靠直觉投那一票是对的。因而得以“狗头侦探”之名。<\/p> <\/p> 不过个人倒是觉得撒侦探总是很接近真相，但是却又错过真相<\/p>\n      <\/div>\n\n      \n\n  \n\n  \n\n\n        ,2018-06-01 20:17:06,南 ことり,30,推荐,0
从小我们就该培养的好品德,潜艇总动员：海底两万里 致敬凡尔纳少儿科幻经典读物《海底两万里》，带着弟弟去看的电影，影片介绍有说阿力、贝贝、梅鲨、海马靓仔经典萌物回归，同时又加入了尼摩船长、阿奇新的角色<\/p> 但是整个影片观看感动画画面很粗糙，整体还是偏小孩风格，合家欢一起看是真的接受不了，只能说电影环保为主的概念确实能起到引导作用，能源的过度开采，海洋生物濒临生存危机，呼吁小朋友与大自然和谐相处，整部影片对孩子们的成长还是有着正向引导的，不能用大片的要求去要求，意义还是有的……<\/p> <\/p>\n      <\/div>\n\n      \n\n  \n\n  \n\n\n    <\/div>\n\n    ,2018-06-01 22:46:20,杰西卡的一一,29,还行,2
看了很久了，终于有空来说说,"王朝的女人，这部电影从开始拍到后期上映也是经历了一番波折，这个不再赘述。<\/p> 开始知道这部电影时，很多评价并不是很好，甚至因为这些不好的评价，我也一直没有看。直到有一天很无聊，翻看以前的电影看了这部。真正看过 之后，我有一种被外面铺天盖地的恶评给欺骗的感觉。<\/p> 首先，电影故事线非常清晰。<\/p> 其次，所有演员演绎的也都到位。<\/p> 这些，张艺谋作业一代大师级的导演其实都做到了。<\/p> 这部电影给我印象最深的其实并不是他的创作水平，而是其中的一句台词，一个外国的传教士说的大概意思是：“唐这个繁荣盛世，就像一头庞然大物，你对它根本就无懈可击……除非它内部瓦解……”<\/p> 这句话一直深深地扎在心里，是的，当一个国家或家族一心向上、团结一致时，外敌是很难入侵的和不易战败的！<\/p> 但是，如果，内部不团结，自相残杀，衰败，只是时间问题！<\/p> 而这部电影的结局，也是因为一个女人让父子互相残杀，最后从这里成为了大唐盛世走向衰败的转折点！<\/p> 再回味，仿佛闻到了一丝阴谋的味道，杨贵妃是不是西方势力借助外国传教士企图毁灭东方大唐的一步棋？<\/p>\n      <\/div>\n\n      \n\n  \n\n  \n\n\n         王朝的女人，这部电影从开始拍到后期上映也是经历了一番波折，这个不再赘述。<\/p> 开始知道这部电影时，很多评价并不是很好，甚至因为这些不好的评价，我也一直没有看。直到有一天很无聊，翻看以前的电影看了这部。真正看过 之后，我有一种被外面铺天盖地的恶评给欺骗的感觉。<\/p> 首先，电影故事线非常清晰。<\/p> 其次，所有演员演绎的也都到位。<\/p> 这些，张艺谋作业一代大师级的导演其实都做到了。<\/p> 这部电影给我印象最深的其实并不是他的创作水平，而是其中的一句台词，一个外国的传教士说的大概意思是：“唐这个繁荣盛世，就像一头庞然大物，你对它根本就无懈可击……除非它内部瓦解……”<\/p> 这句话一直深深地扎在心里，是的，当一个国家或家族一心向上、团结一致时，外敌是很难入侵的和不易战败的！<\/p> 但是，如果，内部不团结，自相残杀，衰败，只是时间问题！<\/p> 而这部电影的结局，也是因为一个女人让父子互相残杀，最后从这里成为了大唐盛世走向衰败的转折点！<\/p> 再回味，仿佛闻到了一丝阴谋的味道，杨贵妃是不是西方势力借助外国传教士企图毁灭东方大唐的一步棋？<\/p>""}",2018-06-01 17:56:55,淡淡橘花散里,39,力荐,4
合格的星战外传,国内的星战粉太少了…<\/p> 如果要我挑韩·索罗的演员 我会选杰克尼科尔森<\/p> 当然这个年轻版本的索罗诠释得也不错！<\/p> 幻视演的反派比较有气质<\/p> 达斯摩尔的出场和R2-D2真人扮演者算是彩蛋<\/p> 也只有我这种骨灰粉才看的出来了吧…<\/p> 剧情不拖沓有反转 人物关系处理的很微妙<\/p> 不能出现绝地武士和原力 就很难过<\/p> <\/p> <\/p>\n      <\/div>\n\n      \n\n  \n\n  \n\n\n    <\/div>\n\n    ,2018-06-04 14:54:30,五秒盛夏,4,推荐,0
还行,"陈正道不愧是拍电影的，画面拍的很美，细节处理的很好。剧情不拖拉，也很搞笑，不是就是虐你就是傻白甜的谈恋爱，配角的戏都格外的精彩！贺兰人设讨喜，黄景瑜把贺兰演的很迷人，但是总感觉感情细节处理的差一些，我感受不到贺兰特别爱关皮皮。扣半星。关皮皮的人设我特别不喜欢，说话有气无力的感觉，我也感受不到他爱贺兰。宋茜长的过于韩范，演技进步也没见多少。扣一星。不过对比近几年出的偶像剧，这部剧算很良心了。不拖拉，画面美，主配角戏份搭配合适。整体三星半吧。多给半星是因为结爱是今年我唯一能追下去的剧！<\/p> <\/p>\n      <\/div>\n\n      \n\n  \n\n  \n\n\n         <\/p>""}",2018-06-01 23:02:07,3.1415926,24,推荐,0
情节还可以,就电影而言，首先情节很紧凑，算是比较好的一部片子，仅仅把他做一部缉毒影片来看，确实挺震撼的。格斗场面和斗争场面都没有大多数国产剧那样的虚假，近身格斗也是招招制敌，没有拖泥带水的感觉，跟别的剧比起来算非常棒了，电影中的那些毒娃娃，确实令我很吃惊，我估计在现实中，毒贩猖獗的地区也有这些娃娃兵，毕竟艺术来源于生活，我相信导演不是为了营造电影气氛而加的人物，那些毒枭利用吸毒的孩子去做人肉炸弹，可见他们对生命有多么冷漠，行为有多恶劣，其实，毒枭这个词确实是挺可怕的，总感觉里面太多的不合法行为，还是希望以后的社会能够更加美好。<\/p>\n      <\/div>\n\n      \n\n  \n\n  \n\n\n    <\/div>\n\n    ,2018-06-02 00:32:41,沐梓隐隐,24,推荐,0
真的无聊,是真的无聊 再也没有以前看港剧那种感觉 对男主和女主不知道是审美疲劳了还是怎么样的 总之没亮点<\/p> 一开始听别人说比较喜欢男儿女二这一对 好吧 我看下来觉得他们很腻 没有共鸣<\/p> 还有就是男主妈妈一再溺爱包容自己的家人 这种我真的很想不通 都想杀你了还包容他们 包容想杀自己的人 无话可说 告辞<\/p> 还有男主最后的逆袭 一贯的tvb式结局 习惯了<\/p>\n      <\/div>\n\n      \n\n  \n\n  \n\n\n        ,2018-06-01 23:29:07,爱在记忆中找你,25,较差,0
讲述平凡人经久耐磨的爱情,"  <\/p> 小人物的命运，常常在巨浪翻滚的时代洪流中被冲击得东倒西歪，小人物无法对抗时代，平凡人的爱情在整个大的时代背景里，显得渺小而微茫。但，这并不妨碍他们义无反顾始终不渝的爱着。<\/p> 很多人觉得文艺秋和维卡的爱过于执拗，但我在追剧的过程中是感动的，而且也相信，在这个世界上，就是有人爱得这样厚实而热烈，这样艰难而美好。<\/p> 文艺秋和维卡这对恋人，有幸相遇相爱，却又被时代的洪流冲散，他们的爱情，在复杂的历史背景下，染上了悲情的色彩。时光一天天往前走，中俄关系一点点在变迁，生活的难题一个个抛过来，长路漫漫，他们的爱情经历了岁月的冲刷，挑战着生活的无情，从未褪色、历久弥新。<\/p> 他们一直爱着对方，不受时间限制，不因距离变淡，不被命运冲蚀，热烈持久，真挚绵长。<\/p> 高满堂并非爱情专家，但他写的故事，他讲述的爱情，却总能扎根时代、扎根土壤，真实可感、饱满可信。<\/p> 当我们把人物放进历史大背景里，很多东西就能够理解了。一集集追下来，我感受着并理解了文艺秋和维卡爱情的艰难，也理解了那一代人对爱的坚守。<\/p> 文艺秋为爱奔赴茫茫雪原，进过养猪场，爬过深夜的冰河。她想尽一切办法进干扰组，费尽心思寻找望远镜，不顾一切生下文文。她的爱，有些疯狂，可又真挚得一塌糊涂。<\/p> 维卡为爱游过黑龙江、坐过牢，最艰难的时候，思念仍在身体里埋藏，他从来没有放弃对爱的守望。<\/p> 别人，谁又不是这样呢。<\/p> 万声在文艺秋身边默默守护那么多年，为了她来到边疆，为了她心甘情愿进了养猪场，最终也是为了成全文艺秋的心意才选择离开，这份爱，同样打动人心。<\/p> 宋绍山爱文艺秋爱得那么深，一生不离不弃守在她身旁，可后来，他却能想尽一切办法帮她和维卡团聚。爱得越是浓烈，越想成全自己的爱人，这种爱是不计回报的爱。 <\/p> 剧中的其他人，华敏、加莉娜，他们的爱，也是真挚动人的。<\/p> 木心的《从前慢》写道：<\/p> 记得早先少年时<\/p> 大家诚诚恳恳<\/p> 说一句 是一句<\/p> 清早上火车站<\/p> 长街黑暗无行人<\/p> 卖豆浆的小店冒着热气<\/p> 从前的日色变得慢 车，马，邮件都慢<\/p> 一生只够爱一个人<\/p> 从前的锁也好看<\/p> 钥匙精美有样子<\/p> 你锁了<\/p> 人家就懂了<\/p> 就是有一些人，一生只爱一个人，爱得义无反顾，感情经久耐磨。<\/p> 本片演员选得很好，维卡的扮演者自带深情，殷桃、李乃文、王雷都是那种不声不响认真演戏的人。越来越喜欢王雷，《平凡的世界》中满口陕北话，如今演起上海男人来也是有模有样。<\/p> 快到大结局了，虽然之前一直惦记着结局，一直期待着圆满，但到了此时，又觉得结局其实不重要，重要的是他们一生都在爱着，剧里的每个人，谁又能说他们不幸福呢？<\/p> <\/p>\n      <\/div>\n\n      \n\n  \n\n  \n\n\n           <\/p> 小人物的命运，常常在巨浪翻滚的时代洪流中被冲击得东倒西歪，小人物无法对抗时代，平凡人的爱情在整个大的时代背景里，显得渺小而微茫。但，这并不妨碍他们义无反顾始终不渝的爱着。<\/p> 很多人觉得文艺秋和维卡的爱过于执拗，但我在追剧的过程中是感动的，而且也相信，在这个世界上，就是有人爱得这样厚实而热烈，这样艰难而美好。<\/p> 文艺秋和维卡这对恋人，有幸相遇相爱，却又被时代的洪流冲散，他们的爱情，在复杂的历史背景下，染上了悲情的色彩。时光一天天往前走，中俄关系一点点在变迁，生活的难题一个个抛过来，长路漫漫，他们的爱情经历了岁月的冲刷，挑战着生活的无情，从未褪色、历久弥新。<\/p> 他们一直爱着对方，不受时间限制，不因距离变淡，不被命运冲蚀，热烈持久，真挚绵长。<\/p> 高满堂并非爱情专家，但他写的故事，他讲述的爱情，却总能扎根时代、扎根土壤，真实可感、饱满可信。<\/p> 当我们把人物放进历史大背景里，很多东西就能够理解了。一集集追下来，我感受着并理解了文艺秋和维卡爱情的艰难，也理解了那一代人对爱的坚守。<\/p> 文艺秋为爱奔赴茫茫雪原，进过养猪场，爬过深夜的冰河。她想尽一切办法进干扰组，费尽心思寻找望远镜，不顾一切生下文文。她的爱，有些疯狂，可又真挚得一塌糊涂。<\/p> 维卡为爱游过黑龙江、坐过牢，最艰难的时候，思念仍在身体里埋藏，他从来没有放弃对爱的守望。<\/p> 别人，谁又不是这样呢。<\/p> 万声在文艺秋身边默默守护那么多年，为了她来到边疆，为了她心甘情愿进了养猪场，最终也是为了成全文艺秋的心意才选择离开，这份爱，同样打动人心。<\/p> 宋绍山爱文艺秋爱得那么深，一生不离不弃守在她身旁，可后来，他却能想尽一切办法帮她和维卡团聚。爱得越是浓烈，越想成全自己的爱人，这种爱是不计回报的爱。 <\/p> 剧中的其他人，华敏、加莉娜，他们的爱，也是真挚动人的。<\/p> 木心的《从前慢》写道：<\/p> 记得早先少年时<\/p> 大家诚诚恳恳<\/p> 说一句 是一句<\/p> 清早上火车站<\/p> 长街黑暗无行人<\/p> 卖豆浆的小店冒着热气<\/p> 从前的日色变得慢 车，马，邮件都慢<\/p> 一生只够爱一个人<\/p> 从前的锁也好看<\/p> 钥匙精美有样子<\/p> 你锁了<\/p> 人家就懂了<\/p> 就是有一些人，一生只爱一个人，爱得义无反顾，感情经久耐磨。<\/p> 本片演员选得很好，维卡的扮演者自带深情，殷桃、李乃文、王雷都是那种不声不响认真演戏的人。越来越喜欢王雷，《平凡的世界》中满口陕北话，如今演起上海男人来也是有模有样。<\/p> 快到大结局了，虽然之前一直惦记着结局，一直期待着圆满，但到了此时，又觉得结局其实不重要，重要的是他们一生都在爱着，剧里的每个人，谁又能说他们不幸福呢？<\/p> <\/p>""}",2018-06-05 17:45:01,向暖,8,推荐,1
极挑从来不会“拿苦痛来博眼球”,这期极挑评价两极分化蛮严重的。每个人感受肯定不一样。我当然跟大家一样，是因为极挑的搞笑入的坑。但在我心中，这期极挑真的太棒太棒。我就是想分享下我的意见。<\/p> 这期节目好多人说拿苦痛来博眼球。其实你仔细看看整期节目。后期真的完全没有在强调他们的“苦痛”，整个片子BGM大多都是比较轻松温馨的，并没有拿大量的煽情BGM在铺。包括彪哥哭的时候，BGM还是很平静不煽情。还有花字，一直在反复的强调男人帮和孩子们之间的友情，比如他们是怎么变熟的啊（迅哥的爬树之交）。还有男人帮在参观房子的时候，房子虽然条件不好但花字也绝对不往破旧那个方向引导，反而说装饰好看啊粉色好看啊之类的。<\/p> 这期拍摄，男人帮和导演组是一定用了真心的。最后男人帮坐在一起讨论，黄磊说我们虽然是艺人不能做秀，他说如果仅仅把这次极挑当作一次节目来录对任何来说都不真诚。还有小猪平常这么搞笑的一个艺人，可以在娱乐百分百上聊这期节目聊六分钟，他就说每个人都在掌握一种分寸感，怎样才能在离开的时候可以不对孩子们造成二次伤害。我们能想到的东西，导演组和MC怎么可能想不到。<\/p> 男人帮大多数都是有孩子的人，我觉得他们是接受不了拿这个东西做秀的。导演组也肯定想过会有观众质疑节目是在拿这个东西做秀的，但他还是做了这个主题。至少我能感觉到导演的初心，他的出发点绝对不是为了消费这群孩子从而拔高自己，他是真的想呼吁社会上的人对这些孩子多一些关注。就像二十二一样啊，郭柯当时也不是为了拔高自己和提高自己致命度而做的这个纪录片，他们真的都是有初心有社会担当的传媒人士。<\/p>\n      <\/div>\n\n      \n\n  \n\n  \n\n\n    <\/div>\n\n    ,2018-06-04 23:25:09,LCLC躁起来,7,力荐,0
棒,\n          这篇影评可能有剧透\n        <\/p>\n\n    \n  \n    \n\n     《复联3》从头到尾都让我感到熟悉与陌生的感觉不断交叉，是对这些角色背景的熟悉与对这个故事走向的陌生，令人兴奋的是他们又要展开新的冒险，并且不断的用言语及行为来冲击你，这些冲击真的是在对漫威电影没有很熟悉的情况下无法体会到的，自然而然也少了许多乐趣。\n从一开始剧情就以空间跳跃的方式进行，各个地方的故事都各自进展，神奇的是这样的述事方式并不会让人觉得紊乱，反而每个故事线都吊着观众的胃口而其中还在缓缓前进，更多的是期待接下来又是哪位超级英雄人物要登场了，那么多人来分这两个半小时的片长，确实分到的是有些许不足，还是有种意犹未尽的感觉。\n侵删<\/p>\n      <\/div>\n\n      \n\n  \n\n  \n\n\n    <\/div>\n\n    ,2018-06-01 16:18:36,柚子茶,35,推荐,0
我就是想骂出来,"\n          这篇剧评可能有剧透\n        <\/p>\n\n    \n  \n    \n\n     把短评和剧评都翻了个遍，真是越看越生气😡。不知道打低星的有多少黑粉，但不是黑粉的竟因为鸡条越来越正能量而打低星。<\/p> TM谁说鸡条是纯娱乐搞笑综艺了？谁说娱乐综艺就不该加入正能量了？你tm哪只眼睛看见鸡条变成科教节目了？<\/p> 作为综艺节目，娱乐和深度兼并岂不是两全其美！正常人都能看出来鸡条不甘心做一个只会搞笑的综艺，而是不断注入深度和内涵，让观众在笑的同时还能有深刻的感受体验。<\/p> 节目组和六位mc的如此用心你tm咋看不出来？！<\/p> 像隔壁某跑那样请个流量做个智障小游戏搞笑一下就能有那多收视率你就开心了😃。那样口碑烂到爆才值得，你竟然把鸡条和某跑打一样的分，你心里不愧疚吗？<\/p> 竟然还有剧评说没用心…<\/p> 第四期体验温州商人创业之路有多用心！里面的商人扮演者都是正在经商的正经生意人你知道吗你？！环环相扣如同经商缩影你真的看不出来？！<\/p> 第六期出来有那么多人说消费苦难消费儿童，我真的想毫不犹豫的给你扣上一顶尬黑的帽子。<\/p> 我想知道你咋看出来鸡条只关注金钱物质生活条件了？一开始父母给孩子的话你都看不见？王迅说孩子太缺爱了你听不到？而且孩子缺爱的根本原因是啥，不就是因为生活条件太差父母才外出打工的吗？！<\/p> 这个我就真的无语了，是个正常人就能看出来那是节目组刻意安排的，就是想让观众知道村民是演的但mc是没有剧本的吧？竟然有人这么认真…<\/p> 剪辑和素人的锅不能全怪鸡条。广电大大限制片长并要求素人占50%，这不得不剪掉很多精彩镜头。最心痛还是节目组亲自割肉吧……<\/p> 想怼就怼吧，我依然深爱着鸡条！！<\/p>\n      <\/div>\n\n      \n\n  \n\n  \n\n\n         TM谁说鸡条是纯娱乐搞笑综艺了？谁说娱乐综艺就不该加入正能量了？你tm哪只眼睛看见鸡条变成科教节目了？<\/p> 作为综艺节目，娱乐和深度兼并岂不是两全其美！正常人都能看出来鸡条不甘心做一个只会搞笑的综艺，而是不断注入深度和内涵，让观众在笑的同时还能有深刻的感受体验。<\/p> 节目组和六位mc的如此用心你tm咋看不出来？！<\/p> 像隔壁某跑那样请个流量做个智障小游戏搞笑一下就能有那多收视率你就开心了😃。那样口碑烂到爆才值得，你竟然把鸡条和某跑打一样的分，你心里不愧疚吗？<\/p> 竟然还有剧评说没用心…<\/p> 第四期体验温州商人创业之路有多用心！里面的商人扮演者都是正在经商的正经生意人你知道吗你？！环环相扣如同经商缩影你真的看不出来？！<\/p> 第六期出来有那么多人说消费苦难消费儿童，我真的想毫不犹豫的给你扣上一顶尬黑的帽子。<\/p> 我想知道你咋看出来鸡条只关注金钱物质生活条件了？一开始父母给孩子的话你都看不见？王迅说孩子太缺爱了你听不到？而且孩子缺爱的根本原因是啥，不就是因为生活条件太差父母才外出打工的吗？！<\/p> 这个我就真的无语了，是个正常人就能看出来那是节目组刻意安排的，就是想让观众知道村民是演的但mc是没有剧本的吧？竟然有人这么认真…<\/p> 剪辑和素人的锅不能全怪鸡条。广电大大限制片长并要求素人占50%，这不得不剪掉很多精彩镜头。最心痛还是节目组亲自割肉吧……<\/p> 想怼就怼吧，我依然深爱着鸡条！！<\/p>""}",2018-06-05 20:12:04,王若羽,5,力荐,0
和平饭店,<\/p> 该剧讲述了1935年东北沦陷，在一家名为和平饭店的豪华酒店中，一群神秘客人展开长达10天生死博弈的故事。<\/p> 整部片子很精彩，是一部还不错的谍战剧哦⊙∀⊙！与其它一些谍战剧相比，剧情有一些不同，剧本很好。除此之外，演员演技完全在线。陈数真的是颜值与实力同在啊，很有气质，演起来很有风采。雷佳音也是实力派了，超级棒棒哒！<\/p>\n      <\/div>\n\n      \n\n  \n\n  \n\n\n    <\/div>\n\n    ,2018-06-04 22:35:20,用尽一切奔向你,7,推荐,0
绝对甜的大结局番外——《她从人群中走来》,"建议觉得大结局不够甜的观众朋友食用此文，食用须知：我可以单身，我站的CP一定要撒糖结婚。<\/p> 推荐会终于结束了，章远脸上面对人群的坚定笑容还没有卸下，身体早就缴械投降，沉默地靠在椅子上，像夏天一件随手搭在椅背上用来抵御空调冷气的薄外套。<\/p> 此时的章远需要一个角落和一根烟，可是他找不到，抽烟又实在不是一个精英人士应该做的事，正当“薄外套”还搭在椅子上的时候，章远突然听见一句熟悉的一句“章远”，看来真的是太累了，都出现幻听了，怎么可能，那个人怎么会出现在这里，“章远”，真怀念这奶声奶气，章远也任由自己沉在幻听中。这个声音反复出现，章远不得不抬头起看，只见一个穿着高跟鞋扎着丸子头的人， 黑发红唇，一瘸一拐地向章远走来。<\/p> 何洛不笑的时候真冷漠，睥睨众生的姿态，眼神里什么都没有，此时这个睥睨众生的主拐着脚走到章远身边，用手戳了戳他的脸，“我好想你”，章远脸上的笑先是凝固了一下然后哐地碎了，多年的思念和委屈一下子涌上了章远的心头。<\/p> 章远用手握住了何洛戳他的脸的手指头，眼睛红红地说“好巧，我也好想你”，何洛笑着抱住了这个小哭包，就像以往他难受时抱住他那样，章远原本就比何洛高一大截，何洛只能死命垫着脚，小肩膀用力托着章远的脑袋。章远这个哭包，刚刚还在推荐会上意气风发，运筹帷幄，一碰到何洛就变成了爱哭的撒娇boy。<\/p> “章远啊，西服是租来的，不如你皮实，你再哭，就退不了货了”。<\/p> 章远才不理她这种鬼话，把何洛抱得更紧了。何洛身上味道没有变，每次抱她都像是回家，回到一个自己应该属于的地方。离开家这么多年了，章远自然是不会松手，何洛不知道从哪儿掏出一个手机，说：“再哭，我就把你的哭照po在网上”。<\/p> 话音刚落，章远的眼泪和何洛手上的手机一起消失，章远说：“哭的太丑了，以后哭帅点，你再Po”，何洛没听清，把耳朵凑近章远，示意章远再说一遍，章远对着何洛的耳边说：“我说你今天真好看”，何洛的耳朵被章远说话呼出的气息搞得毛毛的，刚准备用手搓一下耳朵，耳朵就被飞快地亲了一下，何洛的脸一下就热起来了，故作镇定地说“衣冠禽兽”。<\/p> 何洛的手机突然响起来了，是冯萧打来的电话，章远突然变得手足无措起来，背过身的一瞬间，手却被何洛的手紧紧握住，听见何洛说：“冯萧，就像我说的那样，谢谢你”，章远瞬间又热泪盈眶，把身上的西装脱掉扔在一边，一把抱起来何洛，顺便拎起何洛的高跟鞋。他俩就这样穿过空旷的会场，章远像是疯了一样，一路狂奔，就像高中那次运动会一样，章远告诉自己：这一次竭尽全力，绝不放手。<\/p> 会场的室外是郊区，郊区有一片树林，今天晚上真好，郊区的晚上真好，有夜风和树林，还有他。即使过了这么多年，何洛遇见章远还是会动心，和章远重逢，即使表面再平静，内心早就溃不成军，她也没有办法劝自己和另外一个人安稳地过一生。<\/p> 在章远面前，何洛不需要装作温柔体贴，不需要抗拒自己本能反应去扮演女友的角色。何洛刚开始在美国那段时间一直做梦，梦见章远对自己伸出手，说：“何洛，我们回家吧”，梦见章远捂着自己的胃要何洛抱抱，可更多梦见的是他冷冰冰地一次又一次推开她说:”我们已经走散了”。<\/p> 章远把惊魂甫定的何洛放在自己的脚上，把头窝在何洛颈窝上，带着哭腔对何洛说：<\/p> “何洛，我们结婚吧”<\/p> 听到这句话时，何洛这些年心里的冰山雪川开始地动山摇，就算以后洪水滔天，她也不会放过章远了。<\/p> 十年了，真好，两个人的眼角眉梢已经爬上了一些风霜，可是两人眼里对彼此的感情依旧真诚和热烈。<\/p> 祝所有喜欢章远和何洛CP的朋友永远十八，永远貌美如花。<\/p>\n      <\/div>\n\n      \n\n  \n\n  \n\n\n         建议觉得大结局不够甜的观众朋友食用此文，食用须知：我可以单身，我站的CP一定要撒糖结婚。<\/p> 推荐会终于结束了，章远脸上面对人群的坚定笑容还没有卸下，身体早就缴械投降，沉默地靠在椅子上，像夏天一件随手搭在椅背上用来抵御空调冷气的薄外套。<\/p> 此时的章远需要一个角落和一根烟，可是他找不到，抽烟又实在不是一个精英人士应该做的事，正当“薄外套”还搭在椅子上的时候，章远突然听见一句熟悉的一句“章远”，看来真的是太累了，都出现幻听了，怎么可能，那个人怎么会出现在这里，“章远”，真怀念这奶声奶气，章远也任由自己沉在幻听中。这个声音反复出现，章远不得不抬头起看，只见一个穿着高跟鞋扎着丸子头的人， 黑发红唇，一瘸一拐地向章远走来。<\/p> 何洛不笑的时候真冷漠，睥睨众生的姿态，眼神里什么都没有，此时这个睥睨众生的主拐着脚走到章远身边，用手戳了戳他的脸，“我好想你”，章远脸上的笑先是凝固了一下然后哐地碎了，多年的思念和委屈一下子涌上了章远的心头。<\/p> 章远用手握住了何洛戳他的脸的手指头，眼睛红红地说“好巧，我也好想你”，何洛笑着抱住了这个小哭包，就像以往他难受时抱住他那样，章远原本就比何洛高一大截，何洛只能死命垫着脚，小肩膀用力托着章远的脑袋。章远这个哭包，刚刚还在推荐会上意气风发，运筹帷幄，一碰到何洛就变成了爱哭的撒娇boy。<\/p> “章远啊，西服是租来的，不如你皮实，你再哭，就退不了货了”。<\/p> 章远才不理她这种鬼话，把何洛抱得更紧了。何洛身上味道没有变，每次抱她都像是回家，回到一个自己应该属于的地方。离开家这么多年了，章远自然是不会松手，何洛不知道从哪儿掏出一个手机，说：“再哭，我就把你的哭照po在网上”。<\/p> 话音刚落，章远的眼泪和何洛手上的手机一起消失，章远说：“哭的太丑了，以后哭帅点，你再Po”，何洛没听清，把耳朵凑近章远，示意章远再说一遍，章远对着何洛的耳边说：“我说你今天真好看”，何洛的耳朵被章远说话呼出的气息搞得毛毛的，刚准备用手搓一下耳朵，耳朵就被飞快地亲了一下，何洛的脸一下就热起来了，故作镇定地说“衣冠禽兽”。<\/p> 何洛的手机突然响起来了，是冯萧打来的电话，章远突然变得手足无措起来，背过身的一瞬间，手却被何洛的手紧紧握住，听见何洛说：“冯萧，就像我说的那样，谢谢你”，章远瞬间又热泪盈眶，把身上的西装脱掉扔在一边，一把抱起来何洛，顺便拎起何洛的高跟鞋。他俩就这样穿过空旷的会场，章远像是疯了一样，一路狂奔，就像高中那次运动会一样，章远告诉自己：这一次竭尽全力，绝不放手。<\/p> 会场的室外是郊区，郊区有一片树林，今天晚上真好，郊区的晚上真好，有夜风和树林，还有他。即使过了这么多年，何洛遇见章远还是会动心，和章远重逢，即使表面再平静，内心早就溃不成军，她也没有办法劝自己和另外一个人安稳地过一生。<\/p> 在章远面前，何洛不需要装作温柔体贴，不需要抗拒自己本能反应去扮演女友的角色。何洛刚开始在美国那段时间一直做梦，梦见章远对自己伸出手，说：“何洛，我们回家吧”，梦见章远捂着自己的胃要何洛抱抱，可更多梦见的是他冷冰冰地一次又一次推开她说:”我们已经走散了”。<\/p> 章远把惊魂甫定的何洛放在自己的脚上，把头窝在何洛颈窝上，带着哭腔对何洛说：<\/p> “何洛，我们结婚吧”<\/p> 听到这句话时，何洛这些年心里的冰山雪川开始地动山摇，就算以后洪水滔天，她也不会放过章远了。<\/p> 十年了，真好，两个人的眼角眉梢已经爬上了一些风霜，可是两人眼里对彼此的感情依旧真诚和热烈。<\/p> 祝所有喜欢章远和何洛CP的朋友永远十八，永远貌美如花。<\/p>""}",2018-06-04 17:10:33,Wendy,176,力荐,0
一本正经推理的“狗头侦探”,\n          这篇剧评可能有剧透\n        <\/p>\n\n    \n  \n    \n\n     其实我是从第三季倒着看回来的，因此看到第一季的场景布置，还真的有点想吐槽，实在是太简陋了。<\/p> 不过故事还是很有趣的，而各个嘉宾也很有趣，各有各的特点。<\/p> 撒侦探的特点就是一本正经的推理，然后抓错凶手。特别是第一期的时候，撒侦探一本正经的推理，说得何痴心不是凶手都很难。结果，人还真不是凶手，反而是他靠直觉投那一票是对的。因而得以“狗头侦探”之名。<\/p> <\/p> 不过个人倒是觉得撒侦探总是很接近真相，但是却又错过真相<\/p>\n      <\/div>\n\n      \n\n  \n\n  \n\n\n        ,2018-06-01 20:17:06,南 ことり,30,推荐,0
从小我们就该培养的好品德,潜艇总动员：海底两万里 致敬凡尔纳少儿科幻经典读物《海底两万里》，带着弟弟去看的电影，影片介绍有说阿力、贝贝、梅鲨、海马靓仔经典萌物回归，同时又加入了尼摩船长、阿奇新的角色<\/p> 但是整个影片观看感动画画面很粗糙，整体还是偏小孩风格，合家欢一起看是真的接受不了，只能说电影环保为主的概念确实能起到引导作用，能源的过度开采，海洋生物濒临生存危机，呼吁小朋友与大自然和谐相处，整部影片对孩子们的成长还是有着正向引导的，不能用大片的要求去要求，意义还是有的……<\/p> <\/p>\n      <\/div>\n\n      \n\n  \n\n  \n\n\n    <\/div>\n\n    ,2018-06-01 22:46:20,杰西卡的一一,29,还行,2
看了很久了，终于有空来说说,"王朝的女人，这部电影从开始拍到后期上映也是经历了一番波折，这个不再赘述。<\/p> 开始知道这部电影时，很多评价并不是很好，甚至因为这些不好的评价，我也一直没有看。直到有一天很无聊，翻看以前的电影看了这部。真正看过 之后，我有一种被外面铺天盖地的恶评给欺骗的感觉。<\/p> 首先，电影故事线非常清晰。<\/p> 其次，所有演员演绎的也都到位。<\/p> 这些，张艺谋作业一代大师级的导演其实都做到了。<\/p> 这部电影给我印象最深的其实并不是他的创作水平，而是其中的一句台词，一个外国的传教士说的大概意思是：“唐这个繁荣盛世，就像一头庞然大物，你对它根本就无懈可击……除非它内部瓦解……”<\/p> 这句话一直深深地扎在心里，是的，当一个国家或家族一心向上、团结一致时，外敌是很难入侵的和不易战败的！<\/p> 但是，如果，内部不团结，自相残杀，衰败，只是时间问题！<\/p> 而这部电影的结局，也是因为一个女人让父子互相残杀，最后从这里成为了大唐盛世走向衰败的转折点！<\/p> 再回味，仿佛闻到了一丝阴谋的味道，杨贵妃是不是西方势力借助外国传教士企图毁灭东方大唐的一步棋？<\/p>\n      <\/div>\n\n      \n\n  \n\n  \n\n\n         王朝的女人，这部电影从开始拍到后期上映也是经历了一番波折，这个不再赘述。<\/p> 开始知道这部电影时，很多评价并不是很好，甚至因为这些不好的评价，我也一直没有看。直到有一天很无聊，翻看以前的电影看了这部。真正看过 之后，我有一种被外面铺天盖地的恶评给欺骗的感觉。<\/p> 首先，电影故事线非常清晰。<\/p> 其次，所有演员演绎的也都到位。<\/p> 这些，张艺谋作业一代大师级的导演其实都做到了。<\/p> 这部电影给我印象最深的其实并不是他的创作水平，而是其中的一句台词，一个外国的传教士说的大概意思是：“唐这个繁荣盛世，就像一头庞然大物，你对它根本就无懈可击……除非它内部瓦解……”<\/p> 这句话一直深深地扎在心里，是的，当一个国家或家族一心向上、团结一致时，外敌是很难入侵的和不易战败的！<\/p> 但是，如果，内部不团结，自相残杀，衰败，只是时间问题！<\/p> 而这部电影的结局，也是因为一个女人让父子互相残杀，最后从这里成为了大唐盛世走向衰败的转折点！<\/p> 再回味，仿佛闻到了一丝阴谋的味道，杨贵妃是不是西方势力借助外国传教士企图毁灭东方大唐的一步棋？<\/p>""}",2018-06-01 17:56:55,淡淡橘花散里,39,力荐,4
合格的星战外传,国内的星战粉太少了…<\/p> 如果要我挑韩·索罗的演员 我会选杰克尼科尔森<\/p> 当然这个年轻版本的索罗诠释得也不错！<\/p> 幻视演的反派比较有气质<\/p> 达斯摩尔的出场和R2-D2真人扮演者算是彩蛋<\/p> 也只有我这种骨灰粉才看的出来了吧…<\/p> 剧情不拖沓有反转 人物关系处理的很微妙<\/p> 不能出现绝地武士和原力 就很难过<\/p> <\/p> <\/p>\n      <\/div>\n\n      \n\n  \n\n  \n\n\n    <\/div>\n\n    ,2018-06-04 14:54:30,五秒盛夏,4,推荐,0
极限挑战S04E06观后感,"  <\/p> 毫无疑问，鸡条正在尝试重新定义“综艺”：不一定期期要和以往一样寻求搞笑，煽情，去不断满足观众逐渐增高的笑点阈值，而是靠着一个节目和六位MC的影响力，连接受众和真实的社会现象。<\/p> 这期的主题是关注留守儿童。留守儿童似乎一直是中国社会的一个痛点。如今社会随着思想开放，经济发展，我们越来越强调父母家庭对孩子的陪伴教育，我们开设亲子课，穿亲子服装，渴望给孩子更多的爱和温暖。但留守儿童却像一个被时代趋势丢下的群体，他们与现在的亲子理念似乎并无瓜葛。<\/p> 触动最大的一点，迅哥陪伴的孩子叫杨威，让孩子给爸爸录个视频表达下思念，孩子面对镜头开始说话第一句竟然是对不起爸爸。原因大概是认为自己没有在爷爷生病的时候好好照顾他，还让爸爸千里迢迢赶回来辛苦了。听到那句对不起心里五味杂陈，一个十岁的孩子，心里是有多大的负罪感和责任心，才会觉得这种事情是对不起爸爸。孩子从小在这种“负罪感”中成长，承担了很多超出年龄和心智的东西，总觉得这种童年太沉重了。<\/p> 拍摄的六个孩子，有两个都在镜头前委屈的掉泪了，大概就是爷爷奶奶很随意的指责了孩子。责备却没有理由，孩子只是挨打，却不知道原因，同样的问题就可能会再次出现。农村的孩子大都有相似的故事，从小父母在外打工，所谓的家庭教育基本上就是爷爷奶奶教育。老一辈人经历过吃不饱穿不暖的日子，传统的以为给孩子这些就够了，他们不会去思考教育方式，更不会直接的对孩子表达爱。这种环境下生长的孩子因为父母教育和爱的缺失，可能会变得偏执和不自信。黄磊老师说他握着一个孩子的手，那个孩子却始终不敢也握着对方，这大概就是从小没有被握过手的表现吧。<\/p> 我很幸运，无论辗转城市农村，我的父母没有让我成为留守儿童。我对留守儿童的切身体会仅限于初中在镇上读书，老师只开过一次家长会，但那次家长会连三分之一的学生家长都没来。但是在城里读小学的时候印象中模模糊糊记得每个学期都会开家长会，平时放学都会有不同家长来向老师问孩子的学习情况。本科时，我的一个室友年少时父母也外出打工了，她和我说，她对自己以后孩子的心愿就是无论走到哪儿，有多苦，都要带上自己的孩子，在她身上和父母疏远的感情关系不想再在她和她的子辈之间重演了。<\/p> 《经济学人》0524期刊过一篇文章：其实不仅是外貌、体型这些外在特征会遗传，性格、待人接物、思维逻辑也会遗传。从小接受棍棒教育、自卑感强的人的后代也可能会有同样的性格。这种情况除了后天环境影响，就是靠代际改善。或者，心智更成熟的人可以尝试用自我教育去替代家庭教育中的缺陷。<\/p> 也许等到2020年，我们国家全体迈入小康社会了，经济问题改善之后，我们会有更多的目光投入到对留守儿童的陪伴与关爱里。这是整个社会发展中的问题，也是需要时间和方法的问题。鸡条透露给我们的思路很了不起，也许我们无法改变整个现象，但是我们可以去帮助一个个体。救助众生是心愿，救助个体是责任。<\/p> 鸡条真的了不起。<\/p>\n      <\/div>\n\n      \n\n  \n\n  \n\n\n           <\/p> 毫无疑问，鸡条正在尝试重新定义“综艺”：不一定期期要和以往一样寻求搞笑，煽情，去不断满足观众逐渐增高的笑点阈值，而是靠着一个节目和六位MC的影响力，连接受众和真实的社会现象。<\/p> 这期的主题是关注留守儿童。留守儿童似乎一直是中国社会的一个痛点。如今社会随着思想开放，经济发展，我们越来越强调父母家庭对孩子的陪伴教育，我们开设亲子课，穿亲子服装，渴望给孩子更多的爱和温暖。但留守儿童却像一个被时代趋势丢下的群体，他们与现在的亲子理念似乎并无瓜葛。<\/p> 触动最大的一点，迅哥陪伴的孩子叫杨威，让孩子给爸爸录个视频表达下思念，孩子面对镜头开始说话第一句竟然是对不起爸爸。原因大概是认为自己没有在爷爷生病的时候好好照顾他，还让爸爸千里迢迢赶回来辛苦了。听到那句对不起心里五味杂陈，一个十岁的孩子，心里是有多大的负罪感和责任心，才会觉得这种事情是对不起爸爸。孩子从小在这种“负罪感”中成长，承担了很多超出年龄和心智的东西，总觉得这种童年太沉重了。<\/p> 拍摄的六个孩子，有两个都在镜头前委屈的掉泪了，大概就是爷爷奶奶很随意的指责了孩子。责备却没有理由，孩子只是挨打，却不知道原因，同样的问题就可能会再次出现。农村的孩子大都有相似的故事，从小父母在外打工，所谓的家庭教育基本上就是爷爷奶奶教育。老一辈人经历过吃不饱穿不暖的日子，传统的以为给孩子这些就够了，他们不会去思考教育方式，更不会直接的对孩子表达爱。这种环境下生长的孩子因为父母教育和爱的缺失，可能会变得偏执和不自信。黄磊老师说他握着一个孩子的手，那个孩子却始终不敢也握着对方，这大概就是从小没有被握过手的表现吧。<\/p> 我很幸运，无论辗转城市农村，我的父母没有让我成为留守儿童。我对留守儿童的切身体会仅限于初中在镇上读书，老师只开过一次家长会，但那次家长会连三分之一的学生家长都没来。但是在城里读小学的时候印象中模模糊糊记得每个学期都会开家长会，平时放学都会有不同家长来向老师问孩子的学习情况。本科时，我的一个室友年少时父母也外出打工了，她和我说，她对自己以后孩子的心愿就是无论走到哪儿，有多苦，都要带上自己的孩子，在她身上和父母疏远的感情关系不想再在她和她的子辈之间重演了。<\/p> 《经济学人》0524期刊过一篇文章：其实不仅是外貌、体型这些外在特征会遗传，性格、待人接物、思维逻辑也会遗传。从小接受棍棒教育、自卑感强的人的后代也可能会有同样的性格。这种情况除了后天环境影响，就是靠代际改善。或者，心智更成熟的人可以尝试用自我教育去替代家庭教育中的缺陷。<\/p> 也许等到2020年，我们国家全体迈入小康社会了，经济问题改善之后，我们会有更多的目光投入到对留守儿童的陪伴与关爱里。这是整个社会发展中的问题，也是需要时间和方法的问题。鸡条透露给我们的思路很了不起，也许我们无法改变整个现象，但是我们可以去帮助一个个体。救助众生是心愿，救助个体是责任。<\/p> 鸡条真的了不起。<\/p>""}",2018-06-05 16:43:51,咕噜,8,力荐,0
还行,"陈正道不愧是拍电影的，画面拍的很美，细节处理的很好。剧情不拖拉，也很搞笑，不是就是虐你就是傻白甜的谈恋爱，配角的戏都格外的精彩！贺兰人设讨喜，黄景瑜把贺兰演的很迷人，但是总感觉感情细节处理的差一些，我感受不到贺兰特别爱关皮皮。扣半星。关皮皮的人设我特别不喜欢，说话有气无力的感觉，我也感受不到他爱贺兰。宋茜长的过于韩范，演技进步也没见多少。扣一星。不过对比近几年出的偶像剧，这部剧算很良心了。不拖拉，画面美，主配角戏份搭配合适。整体三星半吧。多给半星是因为结爱是今年我唯一能追下去的剧！<\/p> <\/p>\n      <\/div>\n\n      \n\n  \n\n  \n\n\n         <\/p>""}",2018-06-01 23:02:07,3.1415926,24,推荐,0
情节还可以,就电影而言，首先情节很紧凑，算是比较好的一部片子，仅仅把他做一部缉毒影片来看，确实挺震撼的。格斗场面和斗争场面都没有大多数国产剧那样的虚假，近身格斗也是招招制敌，没有拖泥带水的感觉，跟别的剧比起来算非常棒了，电影中的那些毒娃娃，确实令我很吃惊，我估计在现实中，毒贩猖獗的地区也有这些娃娃兵，毕竟艺术来源于生活，我相信导演不是为了营造电影气氛而加的人物，那些毒枭利用吸毒的孩子去做人肉炸弹，可见他们对生命有多么冷漠，行为有多恶劣，其实，毒枭这个词确实是挺可怕的，总感觉里面太多的不合法行为，还是希望以后的社会能够更加美好。<\/p>\n      <\/div>\n\n      \n\n  \n\n  \n\n\n    <\/div>\n\n    ,2018-06-02 00:32:41,沐梓隐隐,24,推荐,0
真的无聊,是真的无聊 再也没有以前看港剧那种感觉 对男主和女主不知道是审美疲劳了还是怎么样的 总之没亮点<\/p> 一开始听别人说比较喜欢男儿女二这一对 好吧 我看下来觉得他们很腻 没有共鸣<\/p> 还有就是男主妈妈一再溺爱包容自己的家人 这种我真的很想不通 都想杀你了还包容他们 包容想杀自己的人 无话可说 告辞<\/p> 还有男主最后的逆袭 一贯的tvb式结局 习惯了<\/p>\n      <\/div>\n\n      \n\n  \n\n  \n\n\n        ,2018-06-01 23:29:07,爱在记忆中找你,25,较差,0
极挑从来不会“拿苦痛来博眼球”,这期极挑评价两极分化蛮严重的。每个人感受肯定不一样。我当然跟大家一样，是因为极挑的搞笑入的坑。但在我心中，这期极挑真的太棒太棒。我就是想分享下我的意见。<\/p> 这期节目好多人说拿苦痛来博眼球。其实你仔细看看整期节目。后期真的完全没有在强调他们的“苦痛”，整个片子BGM大多都是比较轻松温馨的，并没有拿大量的煽情BGM在铺。包括彪哥哭的时候，BGM还是很平静不煽情。还有花字，一直在反复的强调男人帮和孩子们之间的友情，比如他们是怎么变熟的啊（迅哥的爬树之交）。还有男人帮在参观房子的时候，房子虽然条件不好但花字也绝对不往破旧那个方向引导，反而说装饰好看啊粉色好看啊之类的。<\/p> 这期拍摄，男人帮和导演组是一定用了真心的。最后男人帮坐在一起讨论，黄磊说我们虽然是艺人不能做秀，他说如果仅仅把这次极挑当作一次节目来录对任何来说都不真诚。还有小猪平常这么搞笑的一个艺人，可以在娱乐百分百上聊这期节目聊六分钟，他就说每个人都在掌握一种分寸感，怎样才能在离开的时候可以不对孩子们造成二次伤害。我们能想到的东西，导演组和MC怎么可能想不到。<\/p> 男人帮大多数都是有孩子的人，我觉得他们是接受不了拿这个东西做秀的。导演组也肯定想过会有观众质疑节目是在拿这个东西做秀的，但他还是做了这个主题。至少我能感觉到导演的初心，他的出发点绝对不是为了消费这群孩子从而拔高自己，他是真的想呼吁社会上的人对这些孩子多一些关注。就像二十二一样啊，郭柯当时也不是为了拔高自己和提高自己致命度而做的这个纪录片，他们真的都是有初心有社会担当的传媒人士。<\/p>\n      <\/div>\n\n      \n\n  \n\n  \n\n\n    <\/div>\n\n    ,2018-06-04 23:25:09,LCLC躁起来,7,力荐,0
批判一番,我见到你们这些小导演这样热情啊 我一句话不说也不好 在宣传上将来如果你们在拍续上有偏差 你们是要负泽任的识得唔识得啦 你非要问我资磁不资磁 这是续给怹老的 我怎么能不资磁 但拍续也要按照市场的规律啊 要按照…观众的…当然我们的决定权也是很重要的 大众评价出来以后 到时候我们会表态的\n\n我想 你们啊 不要总是想搞个大新闻 你们影续界 还是要先提高自己的姿势水平！懂我意思吧？\n\n<\/p>\n      <\/div>\n\n      \n\n  \n\n  \n\n\n    <\/div>\n\n    ,2018-06-05 11:58:43,高端宇宙人,3,还行,1
很不错的一部戏，有泪点。,\n          这篇剧评可能有剧透\n        <\/p>\n\n    \n  \n    \n\n     电视剧《回家的路有多远》观后感:\n\n我很少为电视剧写观后感，不过这部剧挺感人的，挺触动的。\n看点1.一开始主角唐亚莉(闫学晶饰)幸福的一家，亚莉觉得家里缺钱，无意中参加到传销活动不自知，因为平时和街坊邻居好所以有群众基础，听说她要带大家赚钱，大家无条件信任她，纷纷拿出自己的积蓄或养老钱给她投资，后来传销组织被警察查获，她也因此得罪了不少街坊邻居，大家都恨她，她也判入狱7年，监狱里好好改造，出狱后重新开始，狱中结识的好姐妹和她一起打拼，但是很坎坷，因为一个朋友的帮助才有机会得到工作，还不能让人知道他们的背景，老板知道悄悄地用她们但也很苛刻，最后亚莉通过自己的努力，开了保洁公司，有盈利了报答了所以曾经帮助她的人，还清了所以入监狱前得罪的解放邻居，好感动，很有良心的一个人。最后也得到家人的原谅重新和家人团聚一起，连喜欢她老公的那女人因为他们一家人的团结而自己退出了。\n\n看点2.主角亚莉是很能吃苦，对朋友很好，愿意付出的人，对朋友好表现在她有困难身边的朋友都挺身而出，她有事很多人都关心帮助她。愿意付出是她因为卖的奶粉不好，让王家的孩子吃了后大脑有问题，身体也变得腿脚不能行动的后遗症，她决定不顾王家的拒绝仍然希望努力补救，后来在她的真心努力下，宝贝一次奇迹中站起来了，王家也因此原谅她了。服务精神表现在她把公厕变成了文明公厕，认为我们自身公厕做好了，卫生了，严格要求高标准了，顾及来上厕所的人的感受了，上厕所的人也会因此而自律，即使乱丢了一个垃圾也愿意捡起来重新丢。要是厕所脏乱差，那么来得人觉得我来去匆匆，没必要捡起来，本来就脏乱差。所以环境影响人的心态。\n\n看点3.主角的女儿恨了妈妈七年，妈妈出狱不认也不敢人妈妈，妈妈虽然难受但是理解。后来妈妈因为一次贫血晕倒了要住院，女儿还在纠结要不要去看妈妈，但是主角的朋友把主角写的信给女儿看，女儿看到妈妈信中表达的爱很受感动，觉得自己错了，错得很厉害，决心认错还向妈妈表达爱意。\n\n看点4.剧中主角亚莉入狱期间老公已经和她离婚，后来有认识一个女的，也不算插足，但是后来那女的见到女主的女儿不接受她，后来见到女主的女儿和妈妈和好了，一家人也有破镜重圆的意思，她自己选择退出。<\/p>\n      <\/div>\n\n      \n\n  \n\n  \n\n\n        ,2018-06-04 22:11:40,用心成长的恺儿,1,力荐,0
温暖,豆瓣 扫码直接下载,2018-05-31 19:42:23,爱电影,41,还行,0
成长别走捷径，承受应有的重量,"在成长的路上我们会发现路边有各种各样看似美好浮华的景色, 它们诱导着我们去触碰, 去沉醉, 去离开熙熙攘攘的大道另辟蹊径, 似乎这是一条比嘈杂拥挤的大路更惬意更美好的 捷径。但当我们走上这条“捷径” , 靠近那些景色时,才会意识到所谓的美好只是映着火光, 在火中危险摇曳的纸花, 一点点火星便足以使其万劫不复。 所谓的捷径, 通往的地方可能不 是想象中给我们留下刻骨铭心的记忆,而是给我们留下难以磨灭的伤疤之处。\n影片中的珍妮,聪明漂亮,多才多艺,她喜欢音乐,喜欢而且向往法国。她的生活本来 应该如同父母所期盼的那样, 努力学习, 把拖后腿的拉丁文补起来, 考入牛津大学学习英文 ——虽然这一切并不是她内心所期盼的。 但一次意外, 大卫的出现成了打破少女平静生活的 石子,这个看起来稳重成熟,儒雅风趣,又意外富有的男子,带她去音乐会,高级餐馆,带 她见识各种她之前无法接触的东西的男子, 迅速而又不出乎意料地俘获了少女的内心。 她开 始越发不重视学习, 和最关心她的斯塔布斯老师、 校长发生激烈的争吵:上牛津能让她过上 现在这种生活吗?现在既然就能享受到这样的生活又何必要枯燥地学习呢?当然, 结局自然 是眼前的所谓美好生活不过是镜中月水中花, 一碰就消散。 斯塔布斯老师面对珍妮的请求帮 助她备考时面色复杂地说出“我等你这句话很久了” , 当一切幻觉都消散之后,珍妮才蓦然发 现,成长并没有捷径,需要自己的天资与勤奋去努力,这样的东西才是真实属于自己的。 不只是珍妮, 其实很多时候我们都应该幻想过突然出现这么一条通往梦想, 通往成功的 捷径, 拯救我们于每天辛苦的学习, 平凡的生活中。或是买彩票中大奖,或是各种考试人品 大爆发全考会的, 会的全对, 或是出现各种各样仅存在于科学家故事里的意外而有震惊世人 的新发现……其实这些想象并没有什么应该指摘的地方, 但若是寄托很多心力与期望于这虚无缥缈的捷径之上,那就只能是如同之前的珍妮一样活在如肥皂泡的梦中。<\/p>\n      <\/div>\n\n      \n\n  \n\n  \n\n\n    <\/div>\n\n    ",2018-06-02 21:23:36,zlysj,10,力荐,0
奇葩,"主人公黄剑是一个物理天才,但是他的情商非常的低，他一直想进MIT,这是他的梦想，但是进入MIT需要社团经验。黄剑的成绩门门第一,但是不屑于进社团,他觉得进社团非常容易,可是每个社团都不要他,再加上他的对头许子聪从中作梗,他最后加入了女社团。最后遇到了喜欢的人记者朱珠。在一系列矛盾中,朱珠的真心,使黄剑正视了自己的感情,最后挽回了朱珠。也在同许子聪化解了矛盾。他也成功的加入了社团,达到了进去MIT的标准。成为人生赢家。<\/p>\n      <\/div>\n\n      \n\n  \n\n  \n\n\n        ",2018-05-31 22:36:27,莫失莫忘,35,还行,1
梦想造就一切,"作为观众（包括我自己），很容易戴上有色眼镜，去认为一个来自中国的女导演，会拍出哪些想当然的陈词滥调（譬如作为女性的弱势地位），或者是矫情造作（沉湎于某种情绪）。<\/p> <\/p> 这种想法，当然很不正确，但我想说，对《骑士》最神奇也最有色眼镜的评价是：它一点都不女导演！甚至很野很大气，很man很细腻。<\/p> <\/p> 再不然就像朋友说的，不仅要鼓掌，它更值得脱帽致敬。<\/p> <\/p> 赵婷令我想到的，不是嗑类型、吃硬骨头的女汉子凯瑟琳·毕格罗，而是伊斯特伍德，或者李安，还有那些在西部片历史征战的大导演们。<\/p> <\/p> 众所周知，李安的独特才华，在于跨越不同族群背景的人文故事，以亚文化，次文化甚至是有违主流的电影人物，去打动世人。在美国的华裔，英国人的《理智与情感》，断背山上的牛仔，沦陷时期的上海，太平洋上的印度少年，伊拉克战场的美国士兵……他似乎无所不能，在写全人类的故事。考究这一切根源，固然与导演本人的温文性格有关，又何尝不是一个华人试图在好莱坞立足的写照。<\/p> <\/p> 赵婷的《哥哥教我唱的歌》和《骑士》，外景选择都在美国的印第安保留地，生存环境比较艰苦。关于印第安领地的故事，前年还有一部发生在怀俄明州的《猎凶风河谷》，值得推荐。<\/p> <\/p> 赵婷为何选择少数边缘的印第安保留地？<\/p> <\/p> 你可能会得到一些个人冲击的故事，赵婷的说法是，被布雷迪·詹德罗的个人魅力所吸引。接连拍摄相似题材背景，其实更有利于新导演的成长。比如不少新人导演，会选择三部曲创作，那不是意味着你在以李安为榜样，亦或者你想成为杰兰（锡兰）和贾樟柯等电影节好手。事实上，即便你只是想一鼓作气，那也比其他人要容易成功得多。<\/p> <\/p> 三部电影，相似主题的反复捶打，不仅能施展自己的长处，也能在这个过程，发现自己的限制与不足，从而更加游刃有余，去拍摄其他题材。被神话的毕赣，无论他正在做的，还是之前完成的，实际上也是一个类三部曲的打磨过程。<\/p> <\/p> 赵婷前作像是新手上路的风格练习。到《骑士》里头，她所挑战的，就是传说中好莱坞电影制作的谋条定律：不要跟动物与孩子一起工作。后来，国内媒体不知为何，误植出来一项：水。<\/p> <\/p> 《骑士》不仅是真人真事，而且是让现实中的詹德罗一家去饰演自己，即布雷迪·詹德罗，蒂姆·詹德罗，莉莉·詹德罗，还有那些马。<\/p> <\/p> 千万不要认为，这是一个取巧投机的事情。今年，伊斯特伍德让真人在电影里扮演自己的《15点17分，启程巴黎》却翻了车，而且成片一片狼藉。那可是一个惊险，弘扬主旋律，打击恐怖分子的英雄故事。<\/p> <\/p> 《骑士》前半段有点缓慢。中段开始，布雷迪找到驯马工作，与这种伴随人类历史文明前进的动物，重新建立联系，彼此间的接触与亲近，耐心反复的交流，令人非常感动。通过镜头的运动，包括大范围的旋转环绕和跟拍，你仿佛能感知到人与动物的沟通，尤其是那种伴随共情的信任，互相理解，释放对方的天性与能量。<\/p> <\/p> 许多人可能不太理解，布雷迪为什么一定要选择骑在马背上，当个风光的牛仔。这不仅有危险性（被踩碎的颅骨），似乎也不太能够保障一家人的生活（需要人照顾的妹妹）。<\/p> <\/p> 简言之，《骑士》说的不过一个人类的驰骋梦想，而放弃梦想，又比追逐梦想难太多了。不见得骑士就得傲立于世，只不过，赵婷刚好选择这片土地上为数不少的刚强牛仔们——就如同阿伦诺夫斯基拍摄《摔角王》，李安去拍拳王阿里的《马尼拉之战》，从赛场，舞台到聚光灯，无数电影描述过这一类人物。愈简单，却愈有力量。<\/p> <\/p> 通过时长不短的驯马工作，《骑士》成功说服了观众，能在草原上，与骏马一起奔跑，是很神奇的时刻。人类不仅可以超越自己，更可以感受自然的博大。<\/p> <\/p> 不少人把《骑士》的摄影，封为了马力克大神的魔幻时刻再现。但在我看来，《骑士》的故事，显然跟马力克不是一路子。马力克推崇神游九天之外的去叙事，《骑士》却扎扎实实，反复围绕布雷迪的纠结、不甘与遗憾说事。无论是照顾朋友，还是超市被求合影，你都能感受到他的情绪波动，痛苦，不仅能被感受到，而且需要出口。<\/p> <\/p> 布雷迪在围栏里，用独门技法让马从桀骜狂躁到放松驯服，产生变化。他同样不厌其烦地，帮助朋友做康复训练。一件看上去有效的事情，与一件看上去无效的事情（朋友显然无法重新上马背），它们最终的目的却是一致的：不要忘记梦想。而那匹不再能站起来的马，那个生不如死的牛仔，它们都是布雷迪的生命投射。<\/p> <\/p> 选择继续驰骋，还是选择家。选择慷慨一死，还是选择遗憾。<\/p>\n      <\/div>\n\n      \n\n  \n\n  \n\n\n         作为观众（包括我自己），很容易戴上有色眼镜，去认为一个来自中国的女导演，会拍出哪些想当然的陈词滥调（譬如作为女性的弱势地位），或者是矫情造作（沉湎于某种情绪）。<\/p> <\/p> 这种想法，当然很不正确，但我想说，对《骑士》最神奇也最有色眼镜的评价是：它一点都不女导演！甚至很野很大气，很man很细腻。<\/p> <\/p> 再不然就像朋友说的，不仅要鼓掌，它更值得脱帽致敬。<\/p> <\/p> 赵婷令我想到的，不是嗑类型、吃硬骨头的女汉子凯瑟琳·毕格罗，而是伊斯特伍德，或者李安，还有那些在西部片历史征战的大导演们。<\/p> <\/p> 众所周知，李安的独特才华，在于跨越不同族群背景的人文故事，以亚文化，次文化甚至是有违主流的电影人物，去打动世人。在美国的华裔，英国人的《理智与情感》，断背山上的牛仔，沦陷时期的上海，太平洋上的印度少年，伊拉克战场的美国士兵……他似乎无所不能，在写全人类的故事。考究这一切根源，固然与导演本人的温文性格有关，又何尝不是一个华人试图在好莱坞立足的写照。<\/p> <\/p> 赵婷的《哥哥教我唱的歌》和《骑士》，外景选择都在美国的印第安保留地，生存环境比较艰苦。关于印第安领地的故事，前年还有一部发生在怀俄明州的《猎凶风河谷》，值得推荐。<\/p> <\/p> 赵婷为何选择少数边缘的印第安保留地？<\/p> <\/p> 你可能会得到一些个人冲击的故事，赵婷的说法是，被布雷迪·詹德罗的个人魅力所吸引。接连拍摄相似题材背景，其实更有利于新导演的成长。比如不少新人导演，会选择三部曲创作，那不是意味着你在以李安为榜样，亦或者你想成为杰兰（锡兰）和贾樟柯等电影节好手。事实上，即便你只是想一鼓作气，那也比其他人要容易成功得多。<\/p> <\/p> 三部电影，相似主题的反复捶打，不仅能施展自己的长处，也能在这个过程，发现自己的限制与不足，从而更加游刃有余，去拍摄其他题材。被神话的毕赣，无论他正在做的，还是之前完成的，实际上也是一个类三部曲的打磨过程。<\/p> <\/p> 赵婷前作像是新手上路的风格练习。到《骑士》里头，她所挑战的，就是传说中好莱坞电影制作的谋条定律：不要跟动物与孩子一起工作。后来，国内媒体不知为何，误植出来一项：水。<\/p> <\/p> 《骑士》不仅是真人真事，而且是让现实中的詹德罗一家去饰演自己，即布雷迪·詹德罗，蒂姆·詹德罗，莉莉·詹德罗，还有那些马。<\/p> <\/p> 千万不要认为，这是一个取巧投机的事情。今年，伊斯特伍德让真人在电影里扮演自己的《15点17分，启程巴黎》却翻了车，而且成片一片狼藉。那可是一个惊险，弘扬主旋律，打击恐怖分子的英雄故事。<\/p> <\/p> 《骑士》前半段有点缓慢。中段开始，布雷迪找到驯马工作，与这种伴随人类历史文明前进的动物，重新建立联系，彼此间的接触与亲近，耐心反复的交流，令人非常感动。通过镜头的运动，包括大范围的旋转环绕和跟拍，你仿佛能感知到人与动物的沟通，尤其是那种伴随共情的信任，互相理解，释放对方的天性与能量。<\/p> <\/p> 许多人可能不太理解，布雷迪为什么一定要选择骑在马背上，当个风光的牛仔。这不仅有危险性（被踩碎的颅骨），似乎也不太能够保障一家人的生活（需要人照顾的妹妹）。<\/p> <\/p> 简言之，《骑士》说的不过一个人类的驰骋梦想，而放弃梦想，又比追逐梦想难太多了。不见得骑士就得傲立于世，只不过，赵婷刚好选择这片土地上为数不少的刚强牛仔们——就如同阿伦诺夫斯基拍摄《摔角王》，李安去拍拳王阿里的《马尼拉之战》，从赛场，舞台到聚光灯，无数电影描述过这一类人物。愈简单，却愈有力量。<\/p> <\/p> 通过时长不短的驯马工作，《骑士》成功说服了观众，能在草原上，与骏马一起奔跑，是很神奇的时刻。人类不仅可以超越自己，更可以感受自然的博大。<\/p> <\/p> 不少人把《骑士》的摄影，封为了马力克大神的魔幻时刻再现。但在我看来，《骑士》的故事，显然跟马力克不是一路子。马力克推崇神游九天之外的去叙事，《骑士》却扎扎实实，反复围绕布雷迪的纠结、不甘与遗憾说事。无论是照顾朋友，还是超市被求合影，你都能感受到他的情绪波动，痛苦，不仅能被感受到，而且需要出口。<\/p> <\/p> 布雷迪在围栏里，用独门技法让马从桀骜狂躁到放松驯服，产生变化。他同样不厌其烦地，帮助朋友做康复训练。一件看上去有效的事情，与一件看上去无效的事情（朋友显然无法重新上马背），它们最终的目的却是一致的：不要忘记梦想。而那匹不再能站起来的马，那个生不如死的牛仔，它们都是布雷迪的生命投射。<\/p> <\/p> 选择继续驰骋，还是选择家。选择慷慨一死，还是选择遗憾。<\/p>""}",2018-06-03 20:48:54,木卫二,9,推荐,2
相忘于江湖,制作方面确实精良，人物演绎角色处理都是近几年古装剧的翘楚，刘诗诗，彭于晏，胡歌都非常完美的演绎，美中不足的就是秦湘和李佶，妃子和大臣有事没事就在御花园相聚，妃子还去大臣家里，哪个皇上能傻到这种境界，头上那么大一顶绿帽子还看不到，陈法拉的长相不适合秦湘这个角色，没有小说中那么一笑倾人城，再笑倾人国的美感。<\/p>\n      <\/div>\n\n      \n\n  \n\n  \n\n\n    <\/div>\n\n    ,2018-05-31 21:11:38,爱吃猫的鱼🐠,32,还行,0
